"path","previous_h1","current_h1","family","primary_intent","indexable","photo_policy","unverified_facts"
"/","Emergency Commercial Mobile Kitchen RentalsFor Short-Term or Long-Term Use","Emergency Commercial Mobile Kitchen RentalsFor Short-Term or Long-Term Use","commercial kitchen trailers","commercial/institutional temporary cooking rental","true","existing reviewed commercial kitchen references","local final pricing; delivery deadline; GPS availability; installation duration"
"/service-areas/","USA Temporary Facilities Rental Service Areas","USA Commercial Kitchen Trailer Rental Service Areas","commercial kitchen trailers","commercial/institutional temporary cooking rental","false","existing reviewed commercial kitchen references","local final pricing; delivery deadline; GPS availability; installation duration"
"/service-areas/alabama/north-alabama/","North Alabama Accessible Commercial Site ADA Shower and Restroom Combination Trailer Leasing","Alabama North Alabama Short-Term and Long-Term Mobile Kitchen Trailer Rentals","commercial kitchen trailers","commercial/institutional temporary cooking rental","true","existing reviewed commercial kitchen references","local final pricing; delivery deadline; GPS availability; installation duration"
"/service-areas/alabama/central-alabama/","Central Alabama Workforce Camp Laundry Temporary Facilities Long-Term Rental","Alabama Central Alabama Short-Term and Long-Term Mobile Kitchen Trailer Rentals","commercial kitchen trailers","commercial/institutional temporary cooking rental","true","existing reviewed commercial kitchen references","local final pricing; delivery deadline; GPS availability; installation duration"
"/service-areas/alabama/wiregrass/","Wiregrass, Alabama Construction Project Kitchen Emergency Trailer Rental","Alabama Wiregrass Short-Term and Long-Term Mobile Kitchen Trailer Rentals","commercial kitchen trailers","commercial/institutional temporary cooking rental","true","existing reviewed commercial kitchen references","local final pricing; delivery deadline; GPS availability; installation duration"
"/service-areas/alabama/gulf-coast/","Gulf Coast, Alabama Commercial Food Service Commercial Kitchen Modular Building For Rent","Alabama Gulf Coast Short-Term and Long-Term Mobile Kitchen Trailer Rentals","commercial kitchen trailers","commercial/institutional temporary cooking rental","true","existing reviewed commercial kitchen references","local final pricing; delivery deadline; GPS availability; installation duration"
"/service-areas/alaska/southcentral/","Southcentral, Alaska Accessible Commercial Site ADA Shower and Restroom Combination Trailer Leasing","Alaska Southcentral Commercial Mobile Kitchen Trailers for Rent","commercial kitchen trailers","commercial/institutional temporary cooking rental","true","existing reviewed commercial kitchen references","local final pricing; delivery deadline; GPS availability; installation duration"
"/service-areas/alaska/interior/","Interior, Alaska Workforce Camp Laundry Temporary Facilities Long-Term Rental","Alaska Interior Emergency Commercial Kitchen Trailer Rentals","commercial kitchen trailers","commercial/institutional temporary cooking rental","true","existing reviewed commercial kitchen references","local final pricing; delivery deadline; GPS availability; installation duration"
"/service-areas/alaska/southeast/","Southeast, Alaska Construction Project Kitchen Emergency Trailer Rental","Alaska Southeast Mobile Kitchen Trailer Rentals for Temporary Food Service","commercial kitchen trailers","commercial/institutional temporary cooking rental","true","existing reviewed commercial kitchen references","local final pricing; delivery deadline; GPS availability; installation duration"
"/service-areas/alaska/southwest/","Southwest, Alaska Commercial Food Service Commercial Kitchen Modular Building For Rent","Alaska Southwest Temporary Kitchen Trailer Rentals for Planned and Emergency Projects","commercial kitchen trailers","commercial/institutional temporary cooking rental","true","existing reviewed commercial kitchen references","local final pricing; delivery deadline; GPS availability; installation duration"
"/service-areas/alaska/arctic/","Arctic, Alaska Workforce Housing Sleeper Bunk-Bed Facility Leasing","Alaska Arctic Short-Term and Long-Term Mobile Kitchen Trailer Rentals","commercial kitchen trailers","commercial/institutional temporary cooking rental","true","existing reviewed commercial kitchen references","local final pricing; delivery deadline; GPS availability; installation duration"
"/service-areas/arizona/northern-arizona/","Northern Arizona Institutional Facility Shower and Restroom Combination Trailer For Rent","Arizona Northern Arizona Emergency Commercial Kitchen Trailer Rentals","commercial kitchen trailers","commercial/institutional temporary cooking rental","true","existing reviewed commercial kitchen references","local final pricing; delivery deadline; GPS availability; installation duration"
"/service-areas/arizona/phoenix-area/","Phoenix area, Arizona Accessible Commercial Site ADA Shower and Restroom Combination Trailer Leasing","Arizona Phoenix area Temporary Kitchen Trailer Rentals for Planned and Emergency Projects","commercial kitchen trailers","commercial/institutional temporary cooking rental","true","existing reviewed commercial kitchen references","local final pricing; delivery deadline; GPS availability; installation duration"
"/service-areas/arizona/southern-arizona/","Southern Arizona Workforce Camp Laundry Temporary Facilities Long-Term Rental","Arizona Southern Arizona Temporary Kitchen Trailer Rentals for Planned and Emergency Projects","commercial kitchen trailers","commercial/institutional temporary cooking rental","true","existing reviewed commercial kitchen references","local final pricing; delivery deadline; GPS availability; installation duration"
"/service-areas/arkansas/ozarks/","Ozarks, Arkansas Commercial Food Service Commercial Kitchen Modular Building For Rent","Arkansas Ozarks Mobile Kitchen Trailer Rentals for Temporary Food Service","commercial kitchen trailers","commercial/institutional temporary cooking rental","true","existing reviewed commercial kitchen references","local final pricing; delivery deadline; GPS availability; installation duration"
"/service-areas/arkansas/arkansas-river-valley/","Arkansas River Valley, Arkansas Workforce Housing Sleeper Bunk-Bed Facility Leasing","Arkansas Arkansas River Valley Commercial Mobile Kitchen Trailers for Rent","commercial kitchen trailers","commercial/institutional temporary cooking rental","true","existing reviewed commercial kitchen references","local final pricing; delivery deadline; GPS availability; installation duration"
"/service-areas/arkansas/delta/","Delta, Arkansas Remote Operations Man Camp Temporary Facilities Rental","Arkansas Delta Commercial Mobile Kitchen Trailers for Rent","commercial kitchen trailers","commercial/institutional temporary cooking rental","true","existing reviewed commercial kitchen references","local final pricing; delivery deadline; GPS availability; installation duration"
"/service-areas/arkansas/southwest-arkansas/","Southwest Arkansas Emergency Basecamp Shower Trailer Rental","Arkansas Southwest Arkansas Mobile Kitchen Trailer Rentals for Temporary Food Service","commercial kitchen trailers","commercial/institutional temporary cooking rental","true","existing reviewed commercial kitchen references","local final pricing; delivery deadline; GPS availability; installation duration"
"/service-areas/california/north-coast/","North Coast, California Remote Operations Man Camp Temporary Facilities Rental","California North Coast Short-Term and Long-Term Mobile Kitchen Trailer Rentals","commercial kitchen trailers","commercial/institutional temporary cooking rental","true","existing reviewed commercial kitchen references","local final pricing; delivery deadline; GPS availability; installation duration"
"/service-areas/california/bay-area/","Bay Area, California Emergency Basecamp Shower Trailer Rental","California Bay Area Mobile Kitchen Trailer Rentals for Temporary Food Service","commercial kitchen trailers","commercial/institutional temporary cooking rental","true","existing reviewed commercial kitchen references","local final pricing; delivery deadline; GPS availability; installation duration"
"/service-areas/california/central-valley/","Central Valley, California Institutional Facility Shower and Restroom Combination Trailer For Rent","California Central Valley Short-Term and Long-Term Mobile Kitchen Trailer Rentals","commercial kitchen trailers","commercial/institutional temporary cooking rental","true","existing reviewed commercial kitchen references","local final pricing; delivery deadline; GPS availability; installation duration"
"/service-areas/california/los-angeles-basin/","Los Angeles Basin, California Accessible Commercial Site ADA Shower and Restroom Combination Trailer Leasing","California Los Angeles Basin Emergency Commercial Kitchen Trailer Rentals","commercial kitchen trailers","commercial/institutional temporary cooking rental","false","existing reviewed commercial kitchen references","local final pricing; delivery deadline; GPS availability; installation duration"
"/service-areas/california/inland-empire/","Inland Empire, California Workforce Camp Laundry Temporary Facilities Long-Term Rental","California Inland Empire Temporary Kitchen Trailer Rentals for Planned and Emergency Projects","commercial kitchen trailers","commercial/institutional temporary cooking rental","false","existing reviewed commercial kitchen references","local final pricing; delivery deadline; GPS availability; installation duration"
"/service-areas/california/san-diego/","San Diego, California Construction Project Kitchen Emergency Trailer Rental","California San Diego Temporary Kitchen Trailer Rentals for Planned and Emergency Projects","commercial kitchen trailers","commercial/institutional temporary cooking rental","false","existing reviewed commercial kitchen references","local final pricing; delivery deadline; GPS availability; installation duration"
"/service-areas/colorado/front-range/","Front Range, Colorado Emergency Basecamp Shower Trailer Rental","Colorado Front Range Commercial Mobile Kitchen Trailers for Rent","commercial kitchen trailers","commercial/institutional temporary cooking rental","false","existing reviewed commercial kitchen references","local final pricing; delivery deadline; GPS availability; installation duration"
"/service-areas/colorado/western-slope/","Western Slope, Colorado Institutional Facility Shower and Restroom Combination Trailer For Rent","Colorado Western Slope Commercial Mobile Kitchen Trailers for Rent","commercial kitchen trailers","commercial/institutional temporary cooking rental","false","existing reviewed commercial kitchen references","local final pricing; delivery deadline; GPS availability; installation duration"
"/service-areas/colorado/eastern-plains/","Eastern Plains, Colorado Accessible Commercial Site ADA Shower and Restroom Combination Trailer Leasing","Colorado Eastern Plains Emergency Commercial Kitchen Trailer Rentals","commercial kitchen trailers","commercial/institutional temporary cooking rental","false","existing reviewed commercial kitchen references","local final pricing; delivery deadline; GPS availability; installation duration"
"/service-areas/colorado/san-luis-valley/","San Luis Valley, Colorado Workforce Camp Laundry Temporary Facilities Long-Term Rental","Colorado San Luis Valley Short-Term and Long-Term Mobile Kitchen Trailer Rentals","commercial kitchen trailers","commercial/institutional temporary cooking rental","false","existing reviewed commercial kitchen references","local final pricing; delivery deadline; GPS availability; installation duration"
"/service-areas/connecticut/litchfield-hills/","Litchfield Hills, Connecticut Construction Project Kitchen Emergency Trailer Rental","Connecticut Litchfield Hills Short-Term and Long-Term Mobile Kitchen Trailer Rentals","commercial kitchen trailers","commercial/institutional temporary cooking rental","false","existing reviewed commercial kitchen references","local final pricing; delivery deadline; GPS availability; installation duration"
"/service-areas/connecticut/greater-hartford/","Greater Hartford, Connecticut Commercial Food Service Commercial Kitchen Modular Building For Rent","Connecticut Greater Hartford Emergency Commercial Kitchen Trailer Rentals","commercial kitchen trailers","commercial/institutional temporary cooking rental","false","existing reviewed commercial kitchen references","local final pricing; delivery deadline; GPS availability; installation duration"
"/service-areas/connecticut/connecticut-river-valley/","Connecticut River Valley, Connecticut Workforce Housing Sleeper Bunk-Bed Facility Leasing","Connecticut Connecticut River Valley Short-Term and Long-Term Mobile Kitchen Trailer Rentals","commercial kitchen trailers","commercial/institutional temporary cooking rental","false","existing reviewed commercial kitchen references","local final pricing; delivery deadline; GPS availability; installation duration"
"/service-areas/connecticut/connecticut-shoreline/","Connecticut Shoreline, Connecticut Remote Operations Man Camp Temporary Facilities Rental","Connecticut Connecticut Shoreline Temporary Kitchen Trailer Rentals for Planned and Emergency Projects","commercial kitchen trailers","commercial/institutional temporary cooking rental","false","existing reviewed commercial kitchen references","local final pricing; delivery deadline; GPS availability; installation duration"
"/service-areas/delaware/northern-delaware/","Northern Delaware Accessible Commercial Site ADA Shower and Restroom Combination Trailer Leasing","Delaware Northern Delaware Commercial Mobile Kitchen Trailers for Rent","commercial kitchen trailers","commercial/institutional temporary cooking rental","false","existing reviewed commercial kitchen references","local final pricing; delivery deadline; GPS availability; installation duration"
"/service-areas/delaware/central-delaware/","Central Delaware Workforce Camp Laundry Temporary Facilities Long-Term Rental","Delaware Central Delaware Commercial Mobile Kitchen Trailers for Rent","commercial kitchen trailers","commercial/institutional temporary cooking rental","false","existing reviewed commercial kitchen references","local final pricing; delivery deadline; GPS availability; installation duration"
"/service-areas/delaware/delaware-beaches/","Delaware Beaches, Delaware Construction Project Kitchen Emergency Trailer Rental","Delaware Delaware Beaches Commercial Mobile Kitchen Trailers for Rent","commercial kitchen trailers","commercial/institutional temporary cooking rental","false","existing reviewed commercial kitchen references","local final pricing; delivery deadline; GPS availability; installation duration"
"/service-areas/florida/panhandle/","Panhandle, Florida Workforce Housing Sleeper Bunk-Bed Facility Leasing","Florida Panhandle Short-Term and Long-Term Mobile Kitchen Trailer Rentals","commercial kitchen trailers","commercial/institutional temporary cooking rental","false","existing reviewed commercial kitchen references","local final pricing; delivery deadline; GPS availability; installation duration"
"/service-areas/florida/north-florida/","North Florida Remote Operations Man Camp Temporary Facilities Rental","Florida North Florida Commercial Mobile Kitchen Trailers for Rent","commercial kitchen trailers","commercial/institutional temporary cooking rental","false","existing reviewed commercial kitchen references","local final pricing; delivery deadline; GPS availability; installation duration"
"/service-areas/florida/central-florida/","Central Florida Emergency Basecamp Shower Trailer Rental","Florida Central Florida Commercial Mobile Kitchen Trailers for Rent","commercial kitchen trailers","commercial/institutional temporary cooking rental","false","existing reviewed commercial kitchen references","local final pricing; delivery deadline; GPS availability; installation duration"
"/service-areas/florida/south-florida/","South Florida Institutional Facility Shower and Restroom Combination Trailer For Rent","Florida South Florida Emergency Commercial Kitchen Trailer Rentals","commercial kitchen trailers","commercial/institutional temporary cooking rental","false","existing reviewed commercial kitchen references","local final pricing; delivery deadline; GPS availability; installation duration"
"/service-areas/florida/florida-keys/","Florida Keys, Florida Accessible Commercial Site ADA Shower and Restroom Combination Trailer Leasing","Florida Florida Keys Mobile Kitchen Trailer Rentals for Temporary Food Service","commercial kitchen trailers","commercial/institutional temporary cooking rental","false","existing reviewed commercial kitchen references","local final pricing; delivery deadline; GPS availability; installation duration"
"/service-areas/georgia/north-georgia/","North Georgia Remote Operations Man Camp Temporary Facilities Rental","Georgia North Georgia Mobile Kitchen Trailer Rentals for Temporary Food Service","commercial kitchen trailers","commercial/institutional temporary cooking rental","false","existing reviewed commercial kitchen references","local final pricing; delivery deadline; GPS availability; installation duration"
"/service-areas/georgia/metro-atlanta/","Metro Atlanta, Georgia Emergency Basecamp Shower Trailer Rental","Georgia Metro Atlanta Short-Term and Long-Term Mobile Kitchen Trailer Rentals","commercial kitchen trailers","commercial/institutional temporary cooking rental","false","existing reviewed commercial kitchen references","local final pricing; delivery deadline; GPS availability; installation duration"
"/service-areas/georgia/central-georgia/","Central Georgia Institutional Facility Shower and Restroom Combination Trailer For Rent","Georgia Central Georgia Mobile Kitchen Trailer Rentals for Temporary Food Service","commercial kitchen trailers","commercial/institutional temporary cooking rental","false","existing reviewed commercial kitchen references","local final pricing; delivery deadline; GPS availability; installation duration"
"/service-areas/georgia/coastal-georgia/","Coastal Georgia Accessible Commercial Site ADA Shower and Restroom Combination Trailer Leasing","Georgia Coastal Georgia Short-Term and Long-Term Mobile Kitchen Trailer Rentals","commercial kitchen trailers","commercial/institutional temporary cooking rental","false","existing reviewed commercial kitchen references","local final pricing; delivery deadline; GPS availability; installation duration"
"/service-areas/georgia/south-georgia/","South Georgia Workforce Camp Laundry Temporary Facilities Long-Term Rental","Georgia South Georgia Short-Term and Long-Term Mobile Kitchen Trailer Rentals","commercial kitchen trailers","commercial/institutional temporary cooking rental","false","existing reviewed commercial kitchen references","local final pricing; delivery deadline; GPS availability; installation duration"
"/service-areas/hawaii/oahu/","Oahu, Hawaii Accessible Commercial Site ADA Shower and Restroom Combination Trailer Leasing","Hawaii Oahu Short-Term and Long-Term Mobile Kitchen Trailer Rentals","commercial kitchen trailers","commercial/institutional temporary cooking rental","false","existing reviewed commercial kitchen references","local final pricing; delivery deadline; GPS availability; installation duration"
"/service-areas/hawaii/maui-county/","Maui County, Hawaii Workforce Camp Laundry Temporary Facilities Long-Term Rental","Hawaii Maui County Commercial Mobile Kitchen Trailers for Rent","commercial kitchen trailers","commercial/institutional temporary cooking rental","false","existing reviewed commercial kitchen references","local final pricing; delivery deadline; GPS availability; installation duration"
"/service-areas/hawaii/hawaii-island/","Hawaii Island, Hawaii Construction Project Kitchen Emergency Trailer Rental","Hawaii Hawaii Island Commercial Mobile Kitchen Trailers for Rent","commercial kitchen trailers","commercial/institutional temporary cooking rental","false","existing reviewed commercial kitchen references","local final pricing; delivery deadline; GPS availability; installation duration"
"/service-areas/hawaii/kauai/","Kauai, Hawaii Commercial Food Service Commercial Kitchen Modular Building For Rent","Hawaii Kauai Temporary Kitchen Trailer Rentals for Planned and Emergency Projects","commercial kitchen trailers","commercial/institutional temporary cooking rental","false","existing reviewed commercial kitchen references","local final pricing; delivery deadline; GPS availability; installation duration"
"/service-areas/idaho/north-idaho/","North Idaho Workforce Housing Sleeper Bunk-Bed Facility Leasing","Idaho North Idaho Commercial Mobile Kitchen Trailers for Rent","commercial kitchen trailers","commercial/institutional temporary cooking rental","false","existing reviewed commercial kitchen references","local final pricing; delivery deadline; GPS availability; installation duration"
"/service-areas/idaho/southwest-idaho/","Southwest Idaho Remote Operations Man Camp Temporary Facilities Rental","Idaho Southwest Idaho Mobile Kitchen Trailer Rentals for Temporary Food Service","commercial kitchen trailers","commercial/institutional temporary cooking rental","false","existing reviewed commercial kitchen references","local final pricing; delivery deadline; GPS availability; installation duration"
"/service-areas/idaho/central-mountains/","Central Mountains, Idaho Emergency Basecamp Shower Trailer Rental","Idaho Central Mountains Emergency Commercial Kitchen Trailer Rentals","commercial kitchen trailers","commercial/institutional temporary cooking rental","false","existing reviewed commercial kitchen references","local final pricing; delivery deadline; GPS availability; installation duration"
"/service-areas/idaho/eastern-idaho/","Eastern Idaho Institutional Facility Shower and Restroom Combination Trailer For Rent","Idaho Eastern Idaho Mobile Kitchen Trailer Rentals for Temporary Food Service","commercial kitchen trailers","commercial/institutional temporary cooking rental","false","existing reviewed commercial kitchen references","local final pricing; delivery deadline; GPS availability; installation duration"
"/service-areas/illinois/chicago-area/","Chicago area, Illinois Accessible Commercial Site ADA Shower and Restroom Combination Trailer Leasing","Illinois Chicago area Short-Term and Long-Term Mobile Kitchen Trailer Rentals","commercial kitchen trailers","commercial/institutional temporary cooking rental","false","existing reviewed commercial kitchen references","local final pricing; delivery deadline; GPS availability; installation duration"
"/service-areas/illinois/northern-illinois/","Northern Illinois Workforce Camp Laundry Temporary Facilities Long-Term Rental","Illinois Northern Illinois Commercial Mobile Kitchen Trailers for Rent","commercial kitchen trailers","commercial/institutional temporary cooking rental","false","existing reviewed commercial kitchen references","local final pricing; delivery deadline; GPS availability; installation duration"
"/service-areas/illinois/central-illinois/","Central Illinois Construction Project Kitchen Emergency Trailer Rental","Illinois Central Illinois Commercial Mobile Kitchen Trailers for Rent","commercial kitchen trailers","commercial/institutional temporary cooking rental","false","existing reviewed commercial kitchen references","local final pricing; delivery deadline; GPS availability; installation duration"
"/service-areas/illinois/southern-illinois/","Southern Illinois Commercial Food Service Commercial Kitchen Modular Building For Rent","Illinois Southern Illinois Emergency Commercial Kitchen Trailer Rentals","commercial kitchen trailers","commercial/institutional temporary cooking rental","false","existing reviewed commercial kitchen references","local final pricing; delivery deadline; GPS availability; installation duration"
"/service-areas/indiana/northern-indiana/","Northern Indiana Workforce Camp Laundry Temporary Facilities Long-Term Rental","Indiana Northern Indiana Mobile Kitchen Trailer Rentals for Temporary Food Service","commercial kitchen trailers","commercial/institutional temporary cooking rental","false","existing reviewed commercial kitchen references","local final pricing; delivery deadline; GPS availability; installation duration"
"/service-areas/indiana/central-indiana/","Central Indiana Construction Project Kitchen Emergency Trailer Rental","Indiana Central Indiana Mobile Kitchen Trailer Rentals for Temporary Food Service","commercial kitchen trailers","commercial/institutional temporary cooking rental","false","existing reviewed commercial kitchen references","local final pricing; delivery deadline; GPS availability; installation duration"
"/service-areas/indiana/southern-indiana/","Southern Indiana Commercial Food Service Commercial Kitchen Modular Building For Rent","Indiana Southern Indiana Short-Term and Long-Term Mobile Kitchen Trailer Rentals","commercial kitchen trailers","commercial/institutional temporary cooking rental","false","existing reviewed commercial kitchen references","local final pricing; delivery deadline; GPS availability; installation duration"
"/service-areas/iowa/northwest-iowa/","Northwest Iowa Remote Operations Man Camp Temporary Facilities Rental","Iowa Northwest Iowa Temporary Kitchen Trailer Rentals for Planned and Emergency Projects","commercial kitchen trailers","commercial/institutional temporary cooking rental","false","existing reviewed commercial kitchen references","local final pricing; delivery deadline; GPS availability; installation duration"
"/service-areas/iowa/central-iowa/","Central Iowa Emergency Basecamp Shower Trailer Rental","Iowa Central Iowa Commercial Mobile Kitchen Trailers for Rent","commercial kitchen trailers","commercial/institutional temporary cooking rental","false","existing reviewed commercial kitchen references","local final pricing; delivery deadline; GPS availability; installation duration"
"/service-areas/iowa/northeast-iowa/","Northeast Iowa Institutional Facility Shower and Restroom Combination Trailer For Rent","Iowa Northeast Iowa Mobile Kitchen Trailer Rentals for Temporary Food Service","commercial kitchen trailers","commercial/institutional temporary cooking rental","false","existing reviewed commercial kitchen references","local final pricing; delivery deadline; GPS availability; installation duration"
"/service-areas/iowa/southern-iowa/","Southern Iowa Accessible Commercial Site ADA Shower and Restroom Combination Trailer Leasing","Iowa Southern Iowa Emergency Commercial Kitchen Trailer Rentals","commercial kitchen trailers","commercial/institutional temporary cooking rental","false","existing reviewed commercial kitchen references","local final pricing; delivery deadline; GPS availability; installation duration"
"/service-areas/kansas/western-kansas/","Western Kansas Construction Project Kitchen Emergency Trailer Rental","Kansas Western Kansas Mobile Kitchen Trailer Rentals for Temporary Food Service","commercial kitchen trailers","commercial/institutional temporary cooking rental","false","existing reviewed commercial kitchen references","local final pricing; delivery deadline; GPS availability; installation duration"
"/service-areas/kansas/north-central-kansas/","North Central Kansas Commercial Food Service Commercial Kitchen Modular Building For Rent","Kansas North Central Kansas Emergency Commercial Kitchen Trailer Rentals","commercial kitchen trailers","commercial/institutional temporary cooking rental","false","existing reviewed commercial kitchen references","local final pricing; delivery deadline; GPS availability; installation duration"
"/service-areas/kansas/kansas-city-area/","Kansas City area, Kansas Workforce Housing Sleeper Bunk-Bed Facility Leasing","Kansas Kansas City area Commercial Mobile Kitchen Trailers for Rent","commercial kitchen trailers","commercial/institutional temporary cooking rental","false","existing reviewed commercial kitchen references","local final pricing; delivery deadline; GPS availability; installation duration"
"/service-areas/kansas/south-central-kansas/","South Central Kansas Remote Operations Man Camp Temporary Facilities Rental","Kansas South Central Kansas Temporary Kitchen Trailer Rentals for Planned and Emergency Projects","commercial kitchen trailers","commercial/institutional temporary cooking rental","false","existing reviewed commercial kitchen references","local final pricing; delivery deadline; GPS availability; installation duration"
"/service-areas/kansas/southeast-kansas/","Southeast Kansas Emergency Basecamp Shower Trailer Rental","Kansas Southeast Kansas Commercial Mobile Kitchen Trailers for Rent","commercial kitchen trailers","commercial/institutional temporary cooking rental","false","existing reviewed commercial kitchen references","local final pricing; delivery deadline; GPS availability; installation duration"
"/service-areas/kentucky/western-coalfields/","Western Coalfields, Kentucky Workforce Camp Laundry Temporary Facilities Long-Term Rental","Kentucky Western Coalfields Temporary Kitchen Trailer Rentals for Planned and Emergency Projects","commercial kitchen trailers","commercial/institutional temporary cooking rental","false","existing reviewed commercial kitchen references","local final pricing; delivery deadline; GPS availability; installation duration"
"/service-areas/kentucky/bluegrass-region/","Bluegrass region, Kentucky Construction Project Kitchen Emergency Trailer Rental","Kentucky Bluegrass region Emergency Commercial Kitchen Trailer Rentals","commercial kitchen trailers","commercial/institutional temporary cooking rental","false","existing reviewed commercial kitchen references","local final pricing; delivery deadline; GPS availability; installation duration"
"/service-areas/kentucky/eastern-kentucky/","Eastern Kentucky Commercial Food Service Commercial Kitchen Modular Building For Rent","Kentucky Eastern Kentucky Temporary Kitchen Trailer Rentals for Planned and Emergency Projects","commercial kitchen trailers","commercial/institutional temporary cooking rental","false","existing reviewed commercial kitchen references","local final pricing; delivery deadline; GPS availability; installation duration"
"/service-areas/kentucky/south-central-kentucky/","South Central Kentucky Workforce Housing Sleeper Bunk-Bed Facility Leasing","Kentucky South Central Kentucky Commercial Mobile Kitchen Trailers for Rent","commercial kitchen trailers","commercial/institutional temporary cooking rental","false","existing reviewed commercial kitchen references","local final pricing; delivery deadline; GPS availability; installation duration"
"/service-areas/louisiana/north-louisiana/","North Louisiana Emergency Basecamp Shower Trailer Rental","Louisiana North Louisiana Temporary Kitchen Trailer Rentals for Planned and Emergency Projects","commercial kitchen trailers","commercial/institutional temporary cooking rental","false","existing reviewed commercial kitchen references","local final pricing; delivery deadline; GPS availability; installation duration"
"/service-areas/louisiana/acadiana/","Acadiana, Louisiana Institutional Facility Shower and Restroom Combination Trailer For Rent","Louisiana Acadiana Emergency Commercial Kitchen Trailer Rentals","commercial kitchen trailers","commercial/institutional temporary cooking rental","false","existing reviewed commercial kitchen references","local final pricing; delivery deadline; GPS availability; installation duration"
"/service-areas/louisiana/capital-region/","Capital Region, Louisiana Accessible Commercial Site ADA Shower and Restroom Combination Trailer Leasing","Louisiana Capital Region Mobile Kitchen Trailer Rentals for Temporary Food Service","commercial kitchen trailers","commercial/institutional temporary cooking rental","false","existing reviewed commercial kitchen references","local final pricing; delivery deadline; GPS availability; installation duration"
"/service-areas/louisiana/greater-new-orleans/","Greater New Orleans, Louisiana Workforce Camp Laundry Temporary Facilities Long-Term Rental","Louisiana Greater New Orleans Emergency Commercial Kitchen Trailer Rentals","commercial kitchen trailers","commercial/institutional temporary cooking rental","false","existing reviewed commercial kitchen references","local final pricing; delivery deadline; GPS availability; installation duration"
"/service-areas/louisiana/river-parishes/","River Parishes, Louisiana Construction Project Kitchen Emergency Trailer Rental","Louisiana River Parishes Temporary Kitchen Trailer Rentals for Planned and Emergency Projects","commercial kitchen trailers","commercial/institutional temporary cooking rental","false","existing reviewed commercial kitchen references","local final pricing; delivery deadline; GPS availability; installation duration"
"/service-areas/maine/aroostook-county/","Aroostook County, Maine Commercial Food Service Commercial Kitchen Modular Building For Rent","Maine Aroostook County Commercial Mobile Kitchen Trailers for Rent","commercial kitchen trailers","commercial/institutional temporary cooking rental","false","existing reviewed commercial kitchen references","local final pricing; delivery deadline; GPS availability; installation duration"
"/service-areas/maine/highlands/","Highlands, Maine Workforce Housing Sleeper Bunk-Bed Facility Leasing","Maine Highlands Mobile Kitchen Trailer Rentals for Temporary Food Service","commercial kitchen trailers","commercial/institutional temporary cooking rental","false","existing reviewed commercial kitchen references","local final pricing; delivery deadline; GPS availability; installation duration"
"/service-areas/maine/western-lakes-and-mountains/","Western Lakes and Mountains, Maine Remote Operations Man Camp Temporary Facilities Rental","Maine Western Lakes and Mountains Temporary Kitchen Trailer Rentals for Planned and Emergency Projects","commercial kitchen trailers","commercial/institutional temporary cooking rental","false","existing reviewed commercial kitchen references","local final pricing; delivery deadline; GPS availability; installation duration"
"/service-areas/maine/midcoast/","Midcoast, Maine Emergency Basecamp Shower Trailer Rental","Maine Midcoast Commercial Mobile Kitchen Trailers for Rent","commercial kitchen trailers","commercial/institutional temporary cooking rental","false","existing reviewed commercial kitchen references","local final pricing; delivery deadline; GPS availability; installation duration"
"/service-areas/maine/downeast-and-acadia/","DownEast and Acadia, Maine Institutional Facility Shower and Restroom Combination Trailer For Rent","Maine DownEast and Acadia Mobile Kitchen Trailer Rentals for Temporary Food Service","commercial kitchen trailers","commercial/institutional temporary cooking rental","false","existing reviewed commercial kitchen references","local final pricing; delivery deadline; GPS availability; installation duration"
"/service-areas/maine/southern-coast/","Southern Coast, Maine Accessible Commercial Site ADA Shower and Restroom Combination Trailer Leasing","Maine Southern Coast Mobile Kitchen Trailer Rentals for Temporary Food Service","commercial kitchen trailers","commercial/institutional temporary cooking rental","false","existing reviewed commercial kitchen references","local final pricing; delivery deadline; GPS availability; installation duration"
"/service-areas/maryland/western-maryland/","Western Maryland Commercial Food Service Commercial Kitchen Modular Building For Rent","Maryland Western Maryland Mobile Kitchen Trailer Rentals for Temporary Food Service","commercial kitchen trailers","commercial/institutional temporary cooking rental","false","existing reviewed commercial kitchen references","local final pricing; delivery deadline; GPS availability; installation duration"
"/service-areas/maryland/capital-region/","Capital Region, Maryland Workforce Housing Sleeper Bunk-Bed Facility Leasing","Maryland Capital Region Commercial Mobile Kitchen Trailers for Rent","commercial kitchen trailers","commercial/institutional temporary cooking rental","false","existing reviewed commercial kitchen references","local final pricing; delivery deadline; GPS availability; installation duration"
"/service-areas/maryland/central-maryland/","Central Maryland Remote Operations Man Camp Temporary Facilities Rental","Maryland Central Maryland Emergency Commercial Kitchen Trailer Rentals","commercial kitchen trailers","commercial/institutional temporary cooking rental","false","existing reviewed commercial kitchen references","local final pricing; delivery deadline; GPS availability; installation duration"
"/service-areas/maryland/eastern-shore/","Eastern Shore, Maryland Emergency Basecamp Shower Trailer Rental","Maryland Eastern Shore Temporary Kitchen Trailer Rentals for Planned and Emergency Projects","commercial kitchen trailers","commercial/institutional temporary cooking rental","false","existing reviewed commercial kitchen references","local final pricing; delivery deadline; GPS availability; installation duration"
"/service-areas/maryland/southern-maryland/","Southern Maryland Institutional Facility Shower and Restroom Combination Trailer For Rent","Maryland Southern Maryland Temporary Kitchen Trailer Rentals for Planned and Emergency Projects","commercial kitchen trailers","commercial/institutional temporary cooking rental","false","existing reviewed commercial kitchen references","local final pricing; delivery deadline; GPS availability; installation duration"
"/service-areas/massachusetts/berkshires/","Berkshires, Massachusetts Remote Operations Man Camp Temporary Facilities Rental","Massachusetts Berkshires Temporary Kitchen Trailer Rentals for Planned and Emergency Projects","commercial kitchen trailers","commercial/institutional temporary cooking rental","false","existing reviewed commercial kitchen references","local final pricing; delivery deadline; GPS availability; installation duration"
"/service-areas/massachusetts/central-massachusetts/","Central Massachusetts Emergency Basecamp Shower Trailer Rental","Massachusetts Central Massachusetts Emergency Commercial Kitchen Trailer Rentals","commercial kitchen trailers","commercial/institutional temporary cooking rental","false","existing reviewed commercial kitchen references","local final pricing; delivery deadline; GPS availability; installation duration"
"/service-areas/massachusetts/greater-boston/","Greater Boston, Massachusetts Institutional Facility Shower and Restroom Combination Trailer For Rent","Massachusetts Greater Boston Mobile Kitchen Trailer Rentals for Temporary Food Service","commercial kitchen trailers","commercial/institutional temporary cooking rental","false","existing reviewed commercial kitchen references","local final pricing; delivery deadline; GPS availability; installation duration"
"/service-areas/massachusetts/north-shore/","North Shore, Massachusetts Accessible Commercial Site ADA Shower and Restroom Combination Trailer Leasing","Massachusetts North Shore Short-Term and Long-Term Mobile Kitchen Trailer Rentals","commercial kitchen trailers","commercial/institutional temporary cooking rental","false","existing reviewed commercial kitchen references","local final pricing; delivery deadline; GPS availability; installation duration"
"/service-areas/massachusetts/south-shore-and-cape-cod/","South Shore and Cape Cod, Massachusetts Workforce Camp Laundry Temporary Facilities Long-Term Rental","Massachusetts South Shore and Cape Cod Emergency Commercial Kitchen Trailer Rentals","commercial kitchen trailers","commercial/institutional temporary cooking rental","false","existing reviewed commercial kitchen references","local final pricing; delivery deadline; GPS availability; installation duration"
"/service-areas/michigan/upper-peninsula/","Upper Peninsula, Michigan Workforce Camp Laundry Temporary Facilities Long-Term Rental","Michigan Upper Peninsula Mobile Kitchen Trailer Rentals for Temporary Food Service","commercial kitchen trailers","commercial/institutional temporary cooking rental","false","existing reviewed commercial kitchen references","local final pricing; delivery deadline; GPS availability; installation duration"
"/service-areas/michigan/northern-lower-peninsula/","Northern Lower Peninsula, Michigan Construction Project Kitchen Emergency Trailer Rental","Michigan Northern Lower Peninsula Temporary Kitchen Trailer Rentals for Planned and Emergency Projects","commercial kitchen trailers","commercial/institutional temporary cooking rental","false","existing reviewed commercial kitchen references","local final pricing; delivery deadline; GPS availability; installation duration"
"/service-areas/michigan/west-michigan/","West Michigan Commercial Food Service Commercial Kitchen Modular Building For Rent","Michigan West Michigan Temporary Kitchen Trailer Rentals for Planned and Emergency Projects","commercial kitchen trailers","commercial/institutional temporary cooking rental","false","existing reviewed commercial kitchen references","local final pricing; delivery deadline; GPS availability; installation duration"
"/service-areas/michigan/mid-michigan/","Mid Michigan Workforce Housing Sleeper Bunk-Bed Facility Leasing","Michigan Mid Michigan Mobile Kitchen Trailer Rentals for Temporary Food Service","commercial kitchen trailers","commercial/institutional temporary cooking rental","false","existing reviewed commercial kitchen references","local final pricing; delivery deadline; GPS availability; installation duration"
"/service-areas/michigan/southeast-michigan/","Southeast Michigan Remote Operations Man Camp Temporary Facilities Rental","Michigan Southeast Michigan Short-Term and Long-Term Mobile Kitchen Trailer Rentals","commercial kitchen trailers","commercial/institutional temporary cooking rental","false","existing reviewed commercial kitchen references","local final pricing; delivery deadline; GPS availability; installation duration"
"/service-areas/minnesota/northwest-minnesota/","Northwest Minnesota Workforce Camp Laundry Temporary Facilities Long-Term Rental","Minnesota Northwest Minnesota Commercial Mobile Kitchen Trailers for Rent","commercial kitchen trailers","commercial/institutional temporary cooking rental","false","existing reviewed commercial kitchen references","local final pricing; delivery deadline; GPS availability; installation duration"
"/service-areas/minnesota/northeast-minnesota/","Northeast Minnesota Construction Project Kitchen Emergency Trailer Rental","Minnesota Northeast Minnesota Emergency Commercial Kitchen Trailer Rentals","commercial kitchen trailers","commercial/institutional temporary cooking rental","false","existing reviewed commercial kitchen references","local final pricing; delivery deadline; GPS availability; installation duration"
"/service-areas/minnesota/central-minnesota/","Central Minnesota Commercial Food Service Commercial Kitchen Modular Building For Rent","Minnesota Central Minnesota Mobile Kitchen Trailer Rentals for Temporary Food Service","commercial kitchen trailers","commercial/institutional temporary cooking rental","false","existing reviewed commercial kitchen references","local final pricing; delivery deadline; GPS availability; installation duration"
"/service-areas/minnesota/twin-cities/","Twin Cities, Minnesota Workforce Housing Sleeper Bunk-Bed Facility Leasing","Minnesota Twin Cities Temporary Kitchen Trailer Rentals for Planned and Emergency Projects","commercial kitchen trailers","commercial/institutional temporary cooking rental","false","existing reviewed commercial kitchen references","local final pricing; delivery deadline; GPS availability; installation duration"
"/service-areas/minnesota/southern-minnesota/","Southern Minnesota Remote Operations Man Camp Temporary Facilities Rental","Minnesota Southern Minnesota Short-Term and Long-Term Mobile Kitchen Trailer Rentals","commercial kitchen trailers","commercial/institutional temporary cooking rental","false","existing reviewed commercial kitchen references","local final pricing; delivery deadline; GPS availability; installation duration"
"/service-areas/mississippi/delta/","Delta, Mississippi Workforce Housing Sleeper Bunk-Bed Facility Leasing","Mississippi Delta Temporary Kitchen Trailer Rentals for Planned and Emergency Projects","commercial kitchen trailers","commercial/institutional temporary cooking rental","false","existing reviewed commercial kitchen references","local final pricing; delivery deadline; GPS availability; installation duration"
"/service-areas/mississippi/hills/","Hills, Mississippi Remote Operations Man Camp Temporary Facilities Rental","Mississippi Hills Mobile Kitchen Trailer Rentals for Temporary Food Service","commercial kitchen trailers","commercial/institutional temporary cooking rental","false","existing reviewed commercial kitchen references","local final pricing; delivery deadline; GPS availability; installation duration"
"/service-areas/mississippi/central-mississippi/","Central Mississippi Emergency Basecamp Shower Trailer Rental","Mississippi Central Mississippi Short-Term and Long-Term Mobile Kitchen Trailer Rentals","commercial kitchen trailers","commercial/institutional temporary cooking rental","false","existing reviewed commercial kitchen references","local final pricing; delivery deadline; GPS availability; installation duration"
"/service-areas/mississippi/pine-belt/","Pine Belt, Mississippi Institutional Facility Shower and Restroom Combination Trailer For Rent","Mississippi Pine Belt Commercial Mobile Kitchen Trailers for Rent","commercial kitchen trailers","commercial/institutional temporary cooking rental","false","existing reviewed commercial kitchen references","local final pricing; delivery deadline; GPS availability; installation duration"
"/service-areas/mississippi/gulf-coast/","Gulf Coast, Mississippi Accessible Commercial Site ADA Shower and Restroom Combination Trailer Leasing","Mississippi Gulf Coast Short-Term and Long-Term Mobile Kitchen Trailer Rentals","commercial kitchen trailers","commercial/institutional temporary cooking rental","false","existing reviewed commercial kitchen references","local final pricing; delivery deadline; GPS availability; installation duration"
"/service-areas/missouri/northwest-missouri/","Northwest Missouri Emergency Basecamp Shower Trailer Rental","Missouri Northwest Missouri Mobile Kitchen Trailer Rentals for Temporary Food Service","commercial kitchen trailers","commercial/institutional temporary cooking rental","false","existing reviewed commercial kitchen references","local final pricing; delivery deadline; GPS availability; installation duration"
"/service-areas/missouri/kansas-city-area/","Kansas City area, Missouri Institutional Facility Shower and Restroom Combination Trailer For Rent","Missouri Kansas City area Commercial Mobile Kitchen Trailers for Rent","commercial kitchen trailers","commercial/institutional temporary cooking rental","false","existing reviewed commercial kitchen references","local final pricing; delivery deadline; GPS availability; installation duration"
"/service-areas/missouri/central-missouri/","Central Missouri Accessible Commercial Site ADA Shower and Restroom Combination Trailer Leasing","Missouri Central Missouri Emergency Commercial Kitchen Trailer Rentals","commercial kitchen trailers","commercial/institutional temporary cooking rental","false","existing reviewed commercial kitchen references","local final pricing; delivery deadline; GPS availability; installation duration"
"/service-areas/missouri/ozarks/","Ozarks, Missouri Workforce Camp Laundry Temporary Facilities Long-Term Rental","Missouri Ozarks Emergency Commercial Kitchen Trailer Rentals","commercial kitchen trailers","commercial/institutional temporary cooking rental","false","existing reviewed commercial kitchen references","local final pricing; delivery deadline; GPS availability; installation duration"
"/service-areas/missouri/st-louis-area/","St. Louis area, Missouri Construction Project Kitchen Emergency Trailer Rental","Missouri St. Louis area Temporary Kitchen Trailer Rentals for Planned and Emergency Projects","commercial kitchen trailers","commercial/institutional temporary cooking rental","false","existing reviewed commercial kitchen references","local final pricing; delivery deadline; GPS availability; installation duration"
"/service-areas/missouri/southeast-missouri/","Southeast Missouri Commercial Food Service Commercial Kitchen Modular Building For Rent","Missouri Southeast Missouri Commercial Mobile Kitchen Trailers for Rent","commercial kitchen trailers","commercial/institutional temporary cooking rental","false","existing reviewed commercial kitchen references","local final pricing; delivery deadline; GPS availability; installation duration"
"/service-areas/montana/glacier-country/","Glacier Country, Montana Commercial Food Service Commercial Kitchen Modular Building For Rent","Montana Glacier Country Temporary Kitchen Trailer Rentals for Planned and Emergency Projects","commercial kitchen trailers","commercial/institutional temporary cooking rental","false","existing reviewed commercial kitchen references","local final pricing; delivery deadline; GPS availability; installation duration"
"/service-areas/montana/central-montana/","Central Montana Workforce Housing Sleeper Bunk-Bed Facility Leasing","Montana Central Montana Temporary Kitchen Trailer Rentals for Planned and Emergency Projects","commercial kitchen trailers","commercial/institutional temporary cooking rental","false","existing reviewed commercial kitchen references","local final pricing; delivery deadline; GPS availability; installation duration"
"/service-areas/montana/yellowstone-country/","Yellowstone Country, Montana Remote Operations Man Camp Temporary Facilities Rental","Montana Yellowstone Country Commercial Mobile Kitchen Trailers for Rent","commercial kitchen trailers","commercial/institutional temporary cooking rental","false","existing reviewed commercial kitchen references","local final pricing; delivery deadline; GPS availability; installation duration"
"/service-areas/montana/missouri-river-country/","Missouri River Country, Montana Emergency Basecamp Shower Trailer Rental","Montana Missouri River Country Short-Term and Long-Term Mobile Kitchen Trailer Rentals","commercial kitchen trailers","commercial/institutional temporary cooking rental","false","existing reviewed commercial kitchen references","local final pricing; delivery deadline; GPS availability; installation duration"
"/service-areas/montana/southeast-montana/","Southeast Montana Institutional Facility Shower and Restroom Combination Trailer For Rent","Montana Southeast Montana Emergency Commercial Kitchen Trailer Rentals","commercial kitchen trailers","commercial/institutional temporary cooking rental","false","existing reviewed commercial kitchen references","local final pricing; delivery deadline; GPS availability; installation duration"
"/service-areas/nebraska/panhandle/","Panhandle, Nebraska Workforce Housing Sleeper Bunk-Bed Facility Leasing","Nebraska Panhandle Mobile Kitchen Trailer Rentals for Temporary Food Service","commercial kitchen trailers","commercial/institutional temporary cooking rental","false","existing reviewed commercial kitchen references","local final pricing; delivery deadline; GPS availability; installation duration"
"/service-areas/nebraska/sandhills/","Sandhills, Nebraska Remote Operations Man Camp Temporary Facilities Rental","Nebraska Sandhills Short-Term and Long-Term Mobile Kitchen Trailer Rentals","commercial kitchen trailers","commercial/institutional temporary cooking rental","false","existing reviewed commercial kitchen references","local final pricing; delivery deadline; GPS availability; installation duration"
"/service-areas/nebraska/central-nebraska/","Central Nebraska Emergency Basecamp Shower Trailer Rental","Nebraska Central Nebraska Mobile Kitchen Trailer Rentals for Temporary Food Service","commercial kitchen trailers","commercial/institutional temporary cooking rental","false","existing reviewed commercial kitchen references","local final pricing; delivery deadline; GPS availability; installation duration"
"/service-areas/nebraska/northeast-nebraska/","Northeast Nebraska Institutional Facility Shower and Restroom Combination Trailer For Rent","Nebraska Northeast Nebraska Emergency Commercial Kitchen Trailer Rentals","commercial kitchen trailers","commercial/institutional temporary cooking rental","false","existing reviewed commercial kitchen references","local final pricing; delivery deadline; GPS availability; installation duration"
"/service-areas/nebraska/lincoln-and-omaha-corridor/","Lincoln and Omaha corridor, Nebraska Accessible Commercial Site ADA Shower and Restroom Combination Trailer Leasing","Nebraska Lincoln and Omaha corridor Emergency Commercial Kitchen Trailer Rentals","commercial kitchen trailers","commercial/institutional temporary cooking rental","false","existing reviewed commercial kitchen references","local final pricing; delivery deadline; GPS availability; installation duration"
"/service-areas/nevada/northern-nevada/","Northern Nevada Workforce Housing Sleeper Bunk-Bed Facility Leasing","Nevada Northern Nevada Short-Term and Long-Term Mobile Kitchen Trailer Rentals","commercial kitchen trailers","commercial/institutional temporary cooking rental","false","existing reviewed commercial kitchen references","local final pricing; delivery deadline; GPS availability; installation duration"
"/service-areas/nevada/reno-tahoe/","Reno Tahoe, Nevada Remote Operations Man Camp Temporary Facilities Rental","Nevada Reno Tahoe Mobile Kitchen Trailer Rentals for Temporary Food Service","commercial kitchen trailers","commercial/institutional temporary cooking rental","false","existing reviewed commercial kitchen references","local final pricing; delivery deadline; GPS availability; installation duration"
"/service-areas/nevada/central-nevada/","Central Nevada Emergency Basecamp Shower Trailer Rental","Nevada Central Nevada Short-Term and Long-Term Mobile Kitchen Trailer Rentals","commercial kitchen trailers","commercial/institutional temporary cooking rental","false","existing reviewed commercial kitchen references","local final pricing; delivery deadline; GPS availability; installation duration"
"/service-areas/nevada/las-vegas-valley/","Las Vegas Valley, Nevada Institutional Facility Shower and Restroom Combination Trailer For Rent","Nevada Las Vegas Valley Temporary Kitchen Trailer Rentals for Planned and Emergency Projects","commercial kitchen trailers","commercial/institutional temporary cooking rental","false","existing reviewed commercial kitchen references","local final pricing; delivery deadline; GPS availability; installation duration"
"/service-areas/nevada/southern-nevada/","Southern Nevada Accessible Commercial Site ADA Shower and Restroom Combination Trailer Leasing","Nevada Southern Nevada Commercial Mobile Kitchen Trailers for Rent","commercial kitchen trailers","commercial/institutional temporary cooking rental","false","existing reviewed commercial kitchen references","local final pricing; delivery deadline; GPS availability; installation duration"
"/service-areas/new-hampshire/great-north-woods/","Great North Woods, New Hampshire Construction Project Kitchen Emergency Trailer Rental","New Hampshire Great North Woods Mobile Kitchen Trailer Rentals for Temporary Food Service","commercial kitchen trailers","commercial/institutional temporary cooking rental","false","existing reviewed commercial kitchen references","local final pricing; delivery deadline; GPS availability; installation duration"
"/service-areas/new-hampshire/white-mountains/","White Mountains, New Hampshire Commercial Food Service Commercial Kitchen Modular Building For Rent","New Hampshire White Mountains Short-Term and Long-Term Mobile Kitchen Trailer Rentals","commercial kitchen trailers","commercial/institutional temporary cooking rental","false","existing reviewed commercial kitchen references","local final pricing; delivery deadline; GPS availability; installation duration"
"/service-areas/new-hampshire/lakes-region/","Lakes Region, New Hampshire Workforce Housing Sleeper Bunk-Bed Facility Leasing","New Hampshire Lakes Region Mobile Kitchen Trailer Rentals for Temporary Food Service","commercial kitchen trailers","commercial/institutional temporary cooking rental","false","existing reviewed commercial kitchen references","local final pricing; delivery deadline; GPS availability; installation duration"
"/service-areas/new-hampshire/dartmouth-lake-sunapee/","Dartmouth Lake Sunapee, New Hampshire Remote Operations Man Camp Temporary Facilities Rental","New Hampshire Dartmouth Lake Sunapee Short-Term and Long-Term Mobile Kitchen Trailer Rentals","commercial kitchen trailers","commercial/institutional temporary cooking rental","false","existing reviewed commercial kitchen references","local final pricing; delivery deadline; GPS availability; installation duration"
"/service-areas/new-hampshire/merrimack-valley/","Merrimack Valley, New Hampshire Emergency Basecamp Shower Trailer Rental","New Hampshire Merrimack Valley Commercial Mobile Kitchen Trailers for Rent","commercial kitchen trailers","commercial/institutional temporary cooking rental","false","existing reviewed commercial kitchen references","local final pricing; delivery deadline; GPS availability; installation duration"
"/service-areas/new-hampshire/seacoast/","Seacoast, New Hampshire Institutional Facility Shower and Restroom Combination Trailer For Rent","New Hampshire Seacoast Emergency Commercial Kitchen Trailer Rentals","commercial kitchen trailers","commercial/institutional temporary cooking rental","false","existing reviewed commercial kitchen references","local final pricing; delivery deadline; GPS availability; installation duration"
"/service-areas/new-jersey/skylands/","Skylands, New Jersey Remote Operations Man Camp Temporary Facilities Rental","New Jersey Skylands Short-Term and Long-Term Mobile Kitchen Trailer Rentals","commercial kitchen trailers","commercial/institutional temporary cooking rental","false","existing reviewed commercial kitchen references","local final pricing; delivery deadline; GPS availability; installation duration"
"/service-areas/new-jersey/gateway-region/","Gateway Region, New Jersey Emergency Basecamp Shower Trailer Rental","New Jersey Gateway Region Short-Term and Long-Term Mobile Kitchen Trailer Rentals","commercial kitchen trailers","commercial/institutional temporary cooking rental","false","existing reviewed commercial kitchen references","local final pricing; delivery deadline; GPS availability; installation duration"
"/service-areas/new-jersey/central-jersey/","Central Jersey, New Jersey Institutional Facility Shower and Restroom Combination Trailer For Rent","New Jersey Central Jersey Short-Term and Long-Term Mobile Kitchen Trailer Rentals","commercial kitchen trailers","commercial/institutional temporary cooking rental","false","existing reviewed commercial kitchen references","local final pricing; delivery deadline; GPS availability; installation duration"
"/service-areas/new-jersey/shore-region/","Shore Region, New Jersey Accessible Commercial Site ADA Shower and Restroom Combination Trailer Leasing","New Jersey Shore Region Emergency Commercial Kitchen Trailer Rentals","commercial kitchen trailers","commercial/institutional temporary cooking rental","false","existing reviewed commercial kitchen references","local final pricing; delivery deadline; GPS availability; installation duration"
"/service-areas/new-jersey/delaware-river-region/","Delaware River Region, New Jersey Workforce Camp Laundry Temporary Facilities Long-Term Rental","New Jersey Delaware River Region Short-Term and Long-Term Mobile Kitchen Trailer Rentals","commercial kitchen trailers","commercial/institutional temporary cooking rental","false","existing reviewed commercial kitchen references","local final pricing; delivery deadline; GPS availability; installation duration"
"/service-areas/new-jersey/southern-shore/","Southern Shore, New Jersey Construction Project Kitchen Emergency Trailer Rental","New Jersey Southern Shore Short-Term and Long-Term Mobile Kitchen Trailer Rentals","commercial kitchen trailers","commercial/institutional temporary cooking rental","false","existing reviewed commercial kitchen references","local final pricing; delivery deadline; GPS availability; installation duration"
"/service-areas/new-mexico/north-central-new-mexico/","North Central New Mexico Construction Project Kitchen Emergency Trailer Rental","New Mexico North Central New Mexico Temporary Kitchen Trailer Rentals for Planned and Emergency Projects","commercial kitchen trailers","commercial/institutional temporary cooking rental","false","existing reviewed commercial kitchen references","local final pricing; delivery deadline; GPS availability; installation duration"
"/service-areas/new-mexico/northeast-new-mexico/","Northeast New Mexico Commercial Food Service Commercial Kitchen Modular Building For Rent","New Mexico Northeast New Mexico Commercial Mobile Kitchen Trailers for Rent","commercial kitchen trailers","commercial/institutional temporary cooking rental","false","existing reviewed commercial kitchen references","local final pricing; delivery deadline; GPS availability; installation duration"
"/service-areas/new-mexico/albuquerque-area/","Albuquerque area, New Mexico Workforce Housing Sleeper Bunk-Bed Facility Leasing","New Mexico Albuquerque area Emergency Commercial Kitchen Trailer Rentals","commercial kitchen trailers","commercial/institutional temporary cooking rental","false","existing reviewed commercial kitchen references","local final pricing; delivery deadline; GPS availability; installation duration"
"/service-areas/new-mexico/southeast-new-mexico/","Southeast New Mexico Remote Operations Man Camp Temporary Facilities Rental","New Mexico Southeast New Mexico Emergency Commercial Kitchen Trailer Rentals","commercial kitchen trailers","commercial/institutional temporary cooking rental","false","existing reviewed commercial kitchen references","local final pricing; delivery deadline; GPS availability; installation duration"
"/service-areas/new-mexico/southwest-new-mexico/","Southwest New Mexico Emergency Basecamp Shower Trailer Rental","New Mexico Southwest New Mexico Commercial Mobile Kitchen Trailers for Rent","commercial kitchen trailers","commercial/institutional temporary cooking rental","false","existing reviewed commercial kitchen references","local final pricing; delivery deadline; GPS availability; installation duration"
"/service-areas/new-york/north-country/","North Country, New York Workforce Housing Sleeper Bunk-Bed Facility Leasing","New York North Country Short-Term and Long-Term Mobile Kitchen Trailer Rentals","commercial kitchen trailers","commercial/institutional temporary cooking rental","false","existing reviewed commercial kitchen references","local final pricing; delivery deadline; GPS availability; installation duration"
"/service-areas/new-york/capital-region/","Capital Region, New York Remote Operations Man Camp Temporary Facilities Rental","New York Capital Region Short-Term and Long-Term Mobile Kitchen Trailer Rentals","commercial kitchen trailers","commercial/institutional temporary cooking rental","false","existing reviewed commercial kitchen references","local final pricing; delivery deadline; GPS availability; installation duration"
"/service-areas/new-york/central-new-york/","Central New York Emergency Basecamp Shower Trailer Rental","New York Central New York Short-Term and Long-Term Mobile Kitchen Trailer Rentals","commercial kitchen trailers","commercial/institutional temporary cooking rental","false","existing reviewed commercial kitchen references","local final pricing; delivery deadline; GPS availability; installation duration"
"/service-areas/new-york/finger-lakes/","Finger Lakes, New York Institutional Facility Shower and Restroom Combination Trailer For Rent","New York Finger Lakes Short-Term and Long-Term Mobile Kitchen Trailer Rentals","commercial kitchen trailers","commercial/institutional temporary cooking rental","false","existing reviewed commercial kitchen references","local final pricing; delivery deadline; GPS availability; installation duration"
"/service-areas/new-york/western-new-york/","Western New York Accessible Commercial Site ADA Shower and Restroom Combination Trailer Leasing","New York Western New York Emergency Commercial Kitchen Trailer Rentals","commercial kitchen trailers","commercial/institutional temporary cooking rental","false","existing reviewed commercial kitchen references","local final pricing; delivery deadline; GPS availability; installation duration"
"/service-areas/new-york/hudson-valley/","Hudson Valley, New York Workforce Camp Laundry Temporary Facilities Long-Term Rental","New York Hudson Valley Mobile Kitchen Trailer Rentals for Temporary Food Service","commercial kitchen trailers","commercial/institutional temporary cooking rental","false","existing reviewed commercial kitchen references","local final pricing; delivery deadline; GPS availability; installation duration"
"/service-areas/new-york/new-york-city-and-long-island/","New York City and Long Island, New York Construction Project Kitchen Emergency Trailer Rental","New York New York City and Long Island Mobile Kitchen Trailer Rentals for Temporary Food Service","commercial kitchen trailers","commercial/institutional temporary cooking rental","false","existing reviewed commercial kitchen references","local final pricing; delivery deadline; GPS availability; installation duration"
"/service-areas/north-carolina/mountains/","Mountains, North Carolina Commercial Food Service Commercial Kitchen Modular Building For Rent","North Carolina Mountains Short-Term and Long-Term Mobile Kitchen Trailer Rentals","commercial kitchen trailers","commercial/institutional temporary cooking rental","false","existing reviewed commercial kitchen references","local final pricing; delivery deadline; GPS availability; installation duration"
"/service-areas/north-carolina/piedmont-triad/","Piedmont Triad, North Carolina Workforce Housing Sleeper Bunk-Bed Facility Leasing","North Carolina Piedmont Triad Emergency Commercial Kitchen Trailer Rentals","commercial kitchen trailers","commercial/institutional temporary cooking rental","false","existing reviewed commercial kitchen references","local final pricing; delivery deadline; GPS availability; installation duration"
"/service-areas/north-carolina/charlotte-region/","Charlotte region, North Carolina Remote Operations Man Camp Temporary Facilities Rental","North Carolina Charlotte region Mobile Kitchen Trailer Rentals for Temporary Food Service","commercial kitchen trailers","commercial/institutional temporary cooking rental","false","existing reviewed commercial kitchen references","local final pricing; delivery deadline; GPS availability; installation duration"
"/service-areas/north-carolina/research-triangle/","Research Triangle, North Carolina Emergency Basecamp Shower Trailer Rental","North Carolina Research Triangle Temporary Kitchen Trailer Rentals for Planned and Emergency Projects","commercial kitchen trailers","commercial/institutional temporary cooking rental","false","existing reviewed commercial kitchen references","local final pricing; delivery deadline; GPS availability; installation duration"
"/service-areas/north-carolina/coastal-plain/","Coastal Plain, North Carolina Institutional Facility Shower and Restroom Combination Trailer For Rent","North Carolina Coastal Plain Short-Term and Long-Term Mobile Kitchen Trailer Rentals","commercial kitchen trailers","commercial/institutional temporary cooking rental","false","existing reviewed commercial kitchen references","local final pricing; delivery deadline; GPS availability; installation duration"
"/service-areas/north-carolina/outer-banks/","Outer Banks, North Carolina Accessible Commercial Site ADA Shower and Restroom Combination Trailer Leasing","North Carolina Outer Banks Emergency Commercial Kitchen Trailer Rentals","commercial kitchen trailers","commercial/institutional temporary cooking rental","false","existing reviewed commercial kitchen references","local final pricing; delivery deadline; GPS availability; installation duration"
"/service-areas/north-dakota/western-north-dakota/","Western North Dakota Emergency Basecamp Shower Trailer Rental","North Dakota Western North Dakota Emergency Commercial Kitchen Trailer Rentals","commercial kitchen trailers","commercial/institutional temporary cooking rental","false","existing reviewed commercial kitchen references","local final pricing; delivery deadline; GPS availability; installation duration"
"/service-areas/north-dakota/north-central-north-dakota/","North Central North Dakota Institutional Facility Shower and Restroom Combination Trailer For Rent","North Dakota North Central North Dakota Short-Term and Long-Term Mobile Kitchen Trailer Rentals","commercial kitchen trailers","commercial/institutional temporary cooking rental","false","existing reviewed commercial kitchen references","local final pricing; delivery deadline; GPS availability; installation duration"
"/service-areas/north-dakota/red-river-valley/","Red River Valley, North Dakota Accessible Commercial Site ADA Shower and Restroom Combination Trailer Leasing","North Dakota Red River Valley Mobile Kitchen Trailer Rentals for Temporary Food Service","commercial kitchen trailers","commercial/institutional temporary cooking rental","false","existing reviewed commercial kitchen references","local final pricing; delivery deadline; GPS availability; installation duration"
"/service-areas/north-dakota/south-central-north-dakota/","South Central North Dakota Workforce Camp Laundry Temporary Facilities Long-Term Rental","North Dakota South Central North Dakota Commercial Mobile Kitchen Trailers for Rent","commercial kitchen trailers","commercial/institutional temporary cooking rental","false","existing reviewed commercial kitchen references","local final pricing; delivery deadline; GPS availability; installation duration"
"/service-areas/ohio/northeast-ohio/","Northeast Ohio Workforce Housing Sleeper Bunk-Bed Facility Leasing","Ohio Northeast Ohio Short-Term and Long-Term Mobile Kitchen Trailer Rentals","commercial kitchen trailers","commercial/institutional temporary cooking rental","false","existing reviewed commercial kitchen references","local final pricing; delivery deadline; GPS availability; installation duration"
"/service-areas/ohio/northwest-ohio/","Northwest Ohio Remote Operations Man Camp Temporary Facilities Rental","Ohio Northwest Ohio Mobile Kitchen Trailer Rentals for Temporary Food Service","commercial kitchen trailers","commercial/institutional temporary cooking rental","false","existing reviewed commercial kitchen references","local final pricing; delivery deadline; GPS availability; installation duration"
"/service-areas/ohio/central-ohio/","Central Ohio Emergency Basecamp Shower Trailer Rental","Ohio Central Ohio Emergency Commercial Kitchen Trailer Rentals","commercial kitchen trailers","commercial/institutional temporary cooking rental","false","existing reviewed commercial kitchen references","local final pricing; delivery deadline; GPS availability; installation duration"
"/service-areas/ohio/southwest-ohio/","Southwest Ohio Institutional Facility Shower and Restroom Combination Trailer For Rent","Ohio Southwest Ohio Short-Term and Long-Term Mobile Kitchen Trailer Rentals","commercial kitchen trailers","commercial/institutional temporary cooking rental","false","existing reviewed commercial kitchen references","local final pricing; delivery deadline; GPS availability; installation duration"
"/service-areas/ohio/southeast-ohio/","Southeast Ohio Accessible Commercial Site ADA Shower and Restroom Combination Trailer Leasing","Ohio Southeast Ohio Commercial Mobile Kitchen Trailers for Rent","commercial kitchen trailers","commercial/institutional temporary cooking rental","false","existing reviewed commercial kitchen references","local final pricing; delivery deadline; GPS availability; installation duration"
"/service-areas/oklahoma/panhandle/","Panhandle, Oklahoma Workforce Camp Laundry Temporary Facilities Long-Term Rental","Oklahoma Panhandle Mobile Kitchen Trailer Rentals for Temporary Food Service","commercial kitchen trailers","commercial/institutional temporary cooking rental","false","existing reviewed commercial kitchen references","local final pricing; delivery deadline; GPS availability; installation duration"
"/service-areas/oklahoma/northwest-oklahoma/","Northwest Oklahoma Construction Project Kitchen Emergency Trailer Rental","Oklahoma Northwest Oklahoma Commercial Mobile Kitchen Trailers for Rent","commercial kitchen trailers","commercial/institutional temporary cooking rental","false","existing reviewed commercial kitchen references","local final pricing; delivery deadline; GPS availability; installation duration"
"/service-areas/oklahoma/green-country/","Green Country, Oklahoma Commercial Food Service Commercial Kitchen Modular Building For Rent","Oklahoma Green Country Short-Term and Long-Term Mobile Kitchen Trailer Rentals","commercial kitchen trailers","commercial/institutional temporary cooking rental","false","existing reviewed commercial kitchen references","local final pricing; delivery deadline; GPS availability; installation duration"
"/service-areas/oklahoma/central-oklahoma/","Central Oklahoma Workforce Housing Sleeper Bunk-Bed Facility Leasing","Oklahoma Central Oklahoma Mobile Kitchen Trailer Rentals for Temporary Food Service","commercial kitchen trailers","commercial/institutional temporary cooking rental","false","existing reviewed commercial kitchen references","local final pricing; delivery deadline; GPS availability; installation duration"
"/service-areas/oklahoma/kiamichi-country/","Kiamichi Country, Oklahoma Remote Operations Man Camp Temporary Facilities Rental","Oklahoma Kiamichi Country Mobile Kitchen Trailer Rentals for Temporary Food Service","commercial kitchen trailers","commercial/institutional temporary cooking rental","false","existing reviewed commercial kitchen references","local final pricing; delivery deadline; GPS availability; installation duration"
"/service-areas/oklahoma/southwest-oklahoma/","Southwest Oklahoma Emergency Basecamp Shower Trailer Rental","Oklahoma Southwest Oklahoma Emergency Commercial Kitchen Trailer Rentals","commercial kitchen trailers","commercial/institutional temporary cooking rental","false","existing reviewed commercial kitchen references","local final pricing; delivery deadline; GPS availability; installation duration"
"/service-areas/oregon/oregon-coast/","Oregon Coast, Oregon Workforce Camp Laundry Temporary Facilities Long-Term Rental","Oregon Oregon Coast Mobile Kitchen Trailer Rentals for Temporary Food Service","commercial kitchen trailers","commercial/institutional temporary cooking rental","false","existing reviewed commercial kitchen references","local final pricing; delivery deadline; GPS availability; installation duration"
"/service-areas/oregon/willamette-valley/","Willamette Valley, Oregon Construction Project Kitchen Emergency Trailer Rental","Oregon Willamette Valley Mobile Kitchen Trailer Rentals for Temporary Food Service","commercial kitchen trailers","commercial/institutional temporary cooking rental","false","existing reviewed commercial kitchen references","local final pricing; delivery deadline; GPS availability; installation duration"
"/service-areas/oregon/southern-oregon/","Southern Oregon Commercial Food Service Commercial Kitchen Modular Building For Rent","Oregon Southern Oregon Mobile Kitchen Trailer Rentals for Temporary Food Service","commercial kitchen trailers","commercial/institutional temporary cooking rental","false","existing reviewed commercial kitchen references","local final pricing; delivery deadline; GPS availability; installation duration"
"/service-areas/oregon/central-oregon/","Central Oregon Workforce Housing Sleeper Bunk-Bed Facility Leasing","Oregon Central Oregon Temporary Kitchen Trailer Rentals for Planned and Emergency Projects","commercial kitchen trailers","commercial/institutional temporary cooking rental","false","existing reviewed commercial kitchen references","local final pricing; delivery deadline; GPS availability; installation duration"
"/service-areas/oregon/eastern-oregon/","Eastern Oregon Remote Operations Man Camp Temporary Facilities Rental","Oregon Eastern Oregon Commercial Mobile Kitchen Trailers for Rent","commercial kitchen trailers","commercial/institutional temporary cooking rental","false","existing reviewed commercial kitchen references","local final pricing; delivery deadline; GPS availability; installation duration"
"/service-areas/pennsylvania/erie-region/","Erie region, Pennsylvania Institutional Facility Shower and Restroom Combination Trailer For Rent","Pennsylvania Erie region Short-Term and Long-Term Mobile Kitchen Trailer Rentals","commercial kitchen trailers","commercial/institutional temporary cooking rental","false","existing reviewed commercial kitchen references","local final pricing; delivery deadline; GPS availability; installation duration"
"/service-areas/pennsylvania/pittsburgh-and-southwest/","Pittsburgh and Southwest, Pennsylvania Accessible Commercial Site ADA Shower and Restroom Combination Trailer Leasing","Pennsylvania Pittsburgh and Southwest Emergency Commercial Kitchen Trailer Rentals","commercial kitchen trailers","commercial/institutional temporary cooking rental","false","existing reviewed commercial kitchen references","local final pricing; delivery deadline; GPS availability; installation duration"
"/service-areas/pennsylvania/pennsylvania-wilds/","Pennsylvania Wilds, Pennsylvania Workforce Camp Laundry Temporary Facilities Long-Term Rental","Pennsylvania Pennsylvania Wilds Temporary Kitchen Trailer Rentals for Planned and Emergency Projects","commercial kitchen trailers","commercial/institutional temporary cooking rental","false","existing reviewed commercial kitchen references","local final pricing; delivery deadline; GPS availability; installation duration"
"/service-areas/pennsylvania/central-pennsylvania/","Central Pennsylvania Construction Project Kitchen Emergency Trailer Rental","Pennsylvania Central Pennsylvania Mobile Kitchen Trailer Rentals for Temporary Food Service","commercial kitchen trailers","commercial/institutional temporary cooking rental","false","existing reviewed commercial kitchen references","local final pricing; delivery deadline; GPS availability; installation duration"
"/service-areas/pennsylvania/northeast-pennsylvania/","Northeast Pennsylvania Commercial Food Service Commercial Kitchen Modular Building For Rent","Pennsylvania Northeast Pennsylvania Emergency Commercial Kitchen Trailer Rentals","commercial kitchen trailers","commercial/institutional temporary cooking rental","false","existing reviewed commercial kitchen references","local final pricing; delivery deadline; GPS availability; installation duration"
"/service-areas/pennsylvania/philadelphia-and-southeast/","Philadelphia and Southeast, Pennsylvania Workforce Housing Sleeper Bunk-Bed Facility Leasing","Pennsylvania Philadelphia and Southeast Mobile Kitchen Trailer Rentals for Temporary Food Service","commercial kitchen trailers","commercial/institutional temporary cooking rental","false","existing reviewed commercial kitchen references","local final pricing; delivery deadline; GPS availability; installation duration"
"/service-areas/rhode-island/providence-area/","Providence area, Rhode Island Accessible Commercial Site ADA Shower and Restroom Combination Trailer Leasing","Rhode Island Providence area Emergency Commercial Kitchen Trailer Rentals","commercial kitchen trailers","commercial/institutional temporary cooking rental","false","existing reviewed commercial kitchen references","local final pricing; delivery deadline; GPS availability; installation duration"
"/service-areas/rhode-island/blackstone-valley/","Blackstone Valley, Rhode Island Workforce Camp Laundry Temporary Facilities Long-Term Rental","Rhode Island Blackstone Valley Temporary Kitchen Trailer Rentals for Planned and Emergency Projects","commercial kitchen trailers","commercial/institutional temporary cooking rental","false","existing reviewed commercial kitchen references","local final pricing; delivery deadline; GPS availability; installation duration"
"/service-areas/rhode-island/newport-county/","Newport County, Rhode Island Construction Project Kitchen Emergency Trailer Rental","Rhode Island Newport County Emergency Commercial Kitchen Trailer Rentals","commercial kitchen trailers","commercial/institutional temporary cooking rental","false","existing reviewed commercial kitchen references","local final pricing; delivery deadline; GPS availability; installation duration"
"/service-areas/rhode-island/south-county/","South County, Rhode Island Commercial Food Service Commercial Kitchen Modular Building For Rent","Rhode Island South County Emergency Commercial Kitchen Trailer Rentals","commercial kitchen trailers","commercial/institutional temporary cooking rental","false","existing reviewed commercial kitchen references","local final pricing; delivery deadline; GPS availability; installation duration"
"/service-areas/south-carolina/upstate/","Upstate, South Carolina Commercial Food Service Commercial Kitchen Modular Building For Rent","South Carolina Upstate Mobile Kitchen Trailer Rentals for Temporary Food Service","commercial kitchen trailers","commercial/institutional temporary cooking rental","false","existing reviewed commercial kitchen references","local final pricing; delivery deadline; GPS availability; installation duration"
"/service-areas/south-carolina/midlands/","Midlands, South Carolina Workforce Housing Sleeper Bunk-Bed Facility Leasing","South Carolina Midlands Mobile Kitchen Trailer Rentals for Temporary Food Service","commercial kitchen trailers","commercial/institutional temporary cooking rental","false","existing reviewed commercial kitchen references","local final pricing; delivery deadline; GPS availability; installation duration"
"/service-areas/south-carolina/pee-dee/","Pee Dee, South Carolina Remote Operations Man Camp Temporary Facilities Rental","South Carolina Pee Dee Temporary Kitchen Trailer Rentals for Planned and Emergency Projects","commercial kitchen trailers","commercial/institutional temporary cooking rental","false","existing reviewed commercial kitchen references","local final pricing; delivery deadline; GPS availability; installation duration"
"/service-areas/south-carolina/lowcountry/","Lowcountry, South Carolina Emergency Basecamp Shower Trailer Rental","South Carolina Lowcountry Temporary Kitchen Trailer Rentals for Planned and Emergency Projects","commercial kitchen trailers","commercial/institutional temporary cooking rental","false","existing reviewed commercial kitchen references","local final pricing; delivery deadline; GPS availability; installation duration"
"/service-areas/south-dakota/black-hills-and-badlands/","Black Hills and Badlands, South Dakota Emergency Basecamp Shower Trailer Rental","South Dakota Black Hills and Badlands Commercial Mobile Kitchen Trailers for Rent","commercial kitchen trailers","commercial/institutional temporary cooking rental","false","existing reviewed commercial kitchen references","local final pricing; delivery deadline; GPS availability; installation duration"
"/service-areas/south-dakota/central-south-dakota/","Central South Dakota Institutional Facility Shower and Restroom Combination Trailer For Rent","South Dakota Central South Dakota Emergency Commercial Kitchen Trailer Rentals","commercial kitchen trailers","commercial/institutional temporary cooking rental","false","existing reviewed commercial kitchen references","local final pricing; delivery deadline; GPS availability; installation duration"
"/service-areas/south-dakota/glacial-lakes-and-prairies/","Glacial Lakes and Prairies, South Dakota Accessible Commercial Site ADA Shower and Restroom Combination Trailer Leasing","South Dakota Glacial Lakes and Prairies Mobile Kitchen Trailer Rentals for Temporary Food Service","commercial kitchen trailers","commercial/institutional temporary cooking rental","false","existing reviewed commercial kitchen references","local final pricing; delivery deadline; GPS availability; installation duration"
"/service-areas/south-dakota/southeast-south-dakota/","Southeast South Dakota Workforce Camp Laundry Temporary Facilities Long-Term Rental","South Dakota Southeast South Dakota Commercial Mobile Kitchen Trailers for Rent","commercial kitchen trailers","commercial/institutional temporary cooking rental","false","existing reviewed commercial kitchen references","local final pricing; delivery deadline; GPS availability; installation duration"
"/service-areas/tennessee/west-tennessee/","West Tennessee Commercial Food Service Commercial Kitchen Modular Building For Rent","Tennessee West Tennessee Short-Term and Long-Term Mobile Kitchen Trailer Rentals","commercial kitchen trailers","commercial/institutional temporary cooking rental","false","existing reviewed commercial kitchen references","local final pricing; delivery deadline; GPS availability; installation duration"
"/service-areas/tennessee/middle-tennessee/","Middle Tennessee Workforce Housing Sleeper Bunk-Bed Facility Leasing","Tennessee Middle Tennessee Mobile Kitchen Trailer Rentals for Temporary Food Service","commercial kitchen trailers","commercial/institutional temporary cooking rental","false","existing reviewed commercial kitchen references","local final pricing; delivery deadline; GPS availability; installation duration"
"/service-areas/tennessee/cumberland-plateau/","Cumberland Plateau, Tennessee Remote Operations Man Camp Temporary Facilities Rental","Tennessee Cumberland Plateau Short-Term and Long-Term Mobile Kitchen Trailer Rentals","commercial kitchen trailers","commercial/institutional temporary cooking rental","false","existing reviewed commercial kitchen references","local final pricing; delivery deadline; GPS availability; installation duration"
"/service-areas/tennessee/east-tennessee/","East Tennessee Emergency Basecamp Shower Trailer Rental","Tennessee East Tennessee Commercial Mobile Kitchen Trailers for Rent","commercial kitchen trailers","commercial/institutional temporary cooking rental","false","existing reviewed commercial kitchen references","local final pricing; delivery deadline; GPS availability; installation duration"
"/service-areas/texas/panhandle/","Panhandle, Texas Accessible Commercial Site ADA Shower and Restroom Combination Trailer Leasing","Texas Panhandle Mobile Kitchen Trailer Rentals for Temporary Food Service","commercial kitchen trailers","commercial/institutional temporary cooking rental","false","existing reviewed commercial kitchen references","local final pricing; delivery deadline; GPS availability; installation duration"
"/service-areas/texas/north-texas/","North Texas Workforce Camp Laundry Temporary Facilities Long-Term Rental","Texas North Texas Mobile Kitchen Trailer Rentals for Temporary Food Service","commercial kitchen trailers","commercial/institutional temporary cooking rental","false","existing reviewed commercial kitchen references","local final pricing; delivery deadline; GPS availability; installation duration"
"/service-areas/texas/east-texas/","East Texas Construction Project Kitchen Emergency Trailer Rental","Texas East Texas Emergency Commercial Kitchen Trailer Rentals","commercial kitchen trailers","commercial/institutional temporary cooking rental","false","existing reviewed commercial kitchen references","local final pricing; delivery deadline; GPS availability; installation duration"
"/service-areas/texas/central-texas/","Central Texas Commercial Food Service Commercial Kitchen Modular Building For Rent","Texas Central Texas Mobile Kitchen Trailer Rentals for Temporary Food Service","commercial kitchen trailers","commercial/institutional temporary cooking rental","false","existing reviewed commercial kitchen references","local final pricing; delivery deadline; GPS availability; installation duration"
"/service-areas/texas/west-texas/","West Texas Workforce Housing Sleeper Bunk-Bed Facility Leasing","Texas West Texas Commercial Mobile Kitchen Trailers for Rent","commercial kitchen trailers","commercial/institutional temporary cooking rental","false","existing reviewed commercial kitchen references","local final pricing; delivery deadline; GPS availability; installation duration"
"/service-areas/texas/gulf-coast/","Gulf Coast, Texas Remote Operations Man Camp Temporary Facilities Rental","Texas Gulf Coast Emergency Commercial Kitchen Trailer Rentals","commercial kitchen trailers","commercial/institutional temporary cooking rental","false","existing reviewed commercial kitchen references","local final pricing; delivery deadline; GPS availability; installation duration"
"/service-areas/texas/south-texas/","South Texas Emergency Basecamp Shower Trailer Rental","Texas South Texas Short-Term and Long-Term Mobile Kitchen Trailer Rentals","commercial kitchen trailers","commercial/institutional temporary cooking rental","false","existing reviewed commercial kitchen references","local final pricing; delivery deadline; GPS availability; installation duration"
"/service-areas/utah/northern-utah/","Northern Utah Commercial Food Service Commercial Kitchen Modular Building For Rent","Utah Northern Utah Mobile Kitchen Trailer Rentals for Temporary Food Service","commercial kitchen trailers","commercial/institutional temporary cooking rental","false","existing reviewed commercial kitchen references","local final pricing; delivery deadline; GPS availability; installation duration"
"/service-areas/utah/wasatch-front/","Wasatch Front, Utah Workforce Housing Sleeper Bunk-Bed Facility Leasing","Utah Wasatch Front Commercial Mobile Kitchen Trailers for Rent","commercial kitchen trailers","commercial/institutional temporary cooking rental","false","existing reviewed commercial kitchen references","local final pricing; delivery deadline; GPS availability; installation duration"
"/service-areas/utah/central-utah/","Central Utah Remote Operations Man Camp Temporary Facilities Rental","Utah Central Utah Mobile Kitchen Trailer Rentals for Temporary Food Service","commercial kitchen trailers","commercial/institutional temporary cooking rental","false","existing reviewed commercial kitchen references","local final pricing; delivery deadline; GPS availability; installation duration"
"/service-areas/utah/southeastern-utah/","Southeastern Utah Emergency Basecamp Shower Trailer Rental","Utah Southeastern Utah Temporary Kitchen Trailer Rentals for Planned and Emergency Projects","commercial kitchen trailers","commercial/institutional temporary cooking rental","false","existing reviewed commercial kitchen references","local final pricing; delivery deadline; GPS availability; installation duration"
"/service-areas/utah/southwestern-utah/","Southwestern Utah Institutional Facility Shower and Restroom Combination Trailer For Rent","Utah Southwestern Utah Emergency Commercial Kitchen Trailer Rentals","commercial kitchen trailers","commercial/institutional temporary cooking rental","false","existing reviewed commercial kitchen references","local final pricing; delivery deadline; GPS availability; installation duration"
"/service-areas/vermont/northeast-kingdom/","Northeast Kingdom, Vermont Construction Project Kitchen Emergency Trailer Rental","Vermont Northeast Kingdom Mobile Kitchen Trailer Rentals for Temporary Food Service","commercial kitchen trailers","commercial/institutional temporary cooking rental","false","existing reviewed commercial kitchen references","local final pricing; delivery deadline; GPS availability; installation duration"
"/service-areas/vermont/champlain-valley/","Champlain Valley, Vermont Commercial Food Service Commercial Kitchen Modular Building For Rent","Vermont Champlain Valley Mobile Kitchen Trailer Rentals for Temporary Food Service","commercial kitchen trailers","commercial/institutional temporary cooking rental","false","existing reviewed commercial kitchen references","local final pricing; delivery deadline; GPS availability; installation duration"
"/service-areas/vermont/central-vermont/","Central Vermont Workforce Housing Sleeper Bunk-Bed Facility Leasing","Vermont Central Vermont Mobile Kitchen Trailer Rentals for Temporary Food Service","commercial kitchen trailers","commercial/institutional temporary cooking rental","false","existing reviewed commercial kitchen references","local final pricing; delivery deadline; GPS availability; installation duration"
"/service-areas/vermont/southern-vermont/","Southern Vermont Remote Operations Man Camp Temporary Facilities Rental","Vermont Southern Vermont Short-Term and Long-Term Mobile Kitchen Trailer Rentals","commercial kitchen trailers","commercial/institutional temporary cooking rental","false","existing reviewed commercial kitchen references","local final pricing; delivery deadline; GPS availability; installation duration"
"/service-areas/virginia/northern-virginia/","Northern Virginia Construction Project Kitchen Emergency Trailer Rental","Virginia Northern Virginia Commercial Mobile Kitchen Trailers for Rent","commercial kitchen trailers","commercial/institutional temporary cooking rental","false","existing reviewed commercial kitchen references","local final pricing; delivery deadline; GPS availability; installation duration"
"/service-areas/virginia/shenandoah-valley/","Shenandoah Valley, Virginia Commercial Food Service Commercial Kitchen Modular Building For Rent","Virginia Shenandoah Valley Commercial Mobile Kitchen Trailers for Rent","commercial kitchen trailers","commercial/institutional temporary cooking rental","false","existing reviewed commercial kitchen references","local final pricing; delivery deadline; GPS availability; installation duration"
"/service-areas/virginia/central-virginia/","Central Virginia Workforce Housing Sleeper Bunk-Bed Facility Leasing","Virginia Central Virginia Commercial Mobile Kitchen Trailers for Rent","commercial kitchen trailers","commercial/institutional temporary cooking rental","false","existing reviewed commercial kitchen references","local final pricing; delivery deadline; GPS availability; installation duration"
"/service-areas/virginia/hampton-roads/","Hampton Roads, Virginia Remote Operations Man Camp Temporary Facilities Rental","Virginia Hampton Roads Mobile Kitchen Trailer Rentals for Temporary Food Service","commercial kitchen trailers","commercial/institutional temporary cooking rental","false","existing reviewed commercial kitchen references","local final pricing; delivery deadline; GPS availability; installation duration"
"/service-areas/virginia/eastern-shore/","Eastern Shore, Virginia Emergency Basecamp Shower Trailer Rental","Virginia Eastern Shore Short-Term and Long-Term Mobile Kitchen Trailer Rentals","commercial kitchen trailers","commercial/institutional temporary cooking rental","false","existing reviewed commercial kitchen references","local final pricing; delivery deadline; GPS availability; installation duration"
"/service-areas/virginia/southwest-virginia/","Southwest Virginia Institutional Facility Shower and Restroom Combination Trailer For Rent","Virginia Southwest Virginia Mobile Kitchen Trailer Rentals for Temporary Food Service","commercial kitchen trailers","commercial/institutional temporary cooking rental","false","existing reviewed commercial kitchen references","local final pricing; delivery deadline; GPS availability; installation duration"
"/service-areas/washington/olympic-peninsula/","Olympic Peninsula, Washington Remote Operations Man Camp Temporary Facilities Rental","Washington Olympic Peninsula Temporary Kitchen Trailer Rentals for Planned and Emergency Projects","commercial kitchen trailers","commercial/institutional temporary cooking rental","false","existing reviewed commercial kitchen references","local final pricing; delivery deadline; GPS availability; installation duration"
"/service-areas/washington/puget-sound/","Puget Sound, Washington Emergency Basecamp Shower Trailer Rental","Washington Puget Sound Emergency Commercial Kitchen Trailer Rentals","commercial kitchen trailers","commercial/institutional temporary cooking rental","false","existing reviewed commercial kitchen references","local final pricing; delivery deadline; GPS availability; installation duration"
"/service-areas/washington/north-cascades/","North Cascades, Washington Institutional Facility Shower and Restroom Combination Trailer For Rent","Washington North Cascades Mobile Kitchen Trailer Rentals for Temporary Food Service","commercial kitchen trailers","commercial/institutional temporary cooking rental","false","existing reviewed commercial kitchen references","local final pricing; delivery deadline; GPS availability; installation duration"
"/service-areas/washington/central-washington/","Central Washington Accessible Commercial Site ADA Shower and Restroom Combination Trailer Leasing","Washington Central Washington Temporary Kitchen Trailer Rentals for Planned and Emergency Projects","commercial kitchen trailers","commercial/institutional temporary cooking rental","false","existing reviewed commercial kitchen references","local final pricing; delivery deadline; GPS availability; installation duration"
"/service-areas/washington/eastern-washington/","Eastern Washington Workforce Camp Laundry Temporary Facilities Long-Term Rental","Washington Eastern Washington Commercial Mobile Kitchen Trailers for Rent","commercial kitchen trailers","commercial/institutional temporary cooking rental","false","existing reviewed commercial kitchen references","local final pricing; delivery deadline; GPS availability; installation duration"
"/service-areas/washington/southwest-washington/","Southwest Washington Construction Project Kitchen Emergency Trailer Rental","Washington Southwest Washington Commercial Mobile Kitchen Trailers for Rent","commercial kitchen trailers","commercial/institutional temporary cooking rental","false","existing reviewed commercial kitchen references","local final pricing; delivery deadline; GPS availability; installation duration"
"/service-areas/west-virginia/northern-panhandle/","Northern Panhandle, West Virginia Remote Operations Man Camp Temporary Facilities Rental","West Virginia Northern Panhandle Emergency Commercial Kitchen Trailer Rentals","commercial kitchen trailers","commercial/institutional temporary cooking rental","false","existing reviewed commercial kitchen references","local final pricing; delivery deadline; GPS availability; installation duration"
"/service-areas/west-virginia/mountaineer-country/","Mountaineer Country, West Virginia Emergency Basecamp Shower Trailer Rental","West Virginia Mountaineer Country Emergency Commercial Kitchen Trailer Rentals","commercial kitchen trailers","commercial/institutional temporary cooking rental","false","existing reviewed commercial kitchen references","local final pricing; delivery deadline; GPS availability; installation duration"
"/service-areas/west-virginia/eastern-panhandle/","Eastern Panhandle, West Virginia Institutional Facility Shower and Restroom Combination Trailer For Rent","West Virginia Eastern Panhandle Short-Term and Long-Term Mobile Kitchen Trailer Rentals","commercial kitchen trailers","commercial/institutional temporary cooking rental","false","existing reviewed commercial kitchen references","local final pricing; delivery deadline; GPS availability; installation duration"
"/service-areas/west-virginia/metro-valley/","Metro Valley, West Virginia Accessible Commercial Site ADA Shower and Restroom Combination Trailer Leasing","West Virginia Metro Valley Emergency Commercial Kitchen Trailer Rentals","commercial kitchen trailers","commercial/institutional temporary cooking rental","false","existing reviewed commercial kitchen references","local final pricing; delivery deadline; GPS availability; installation duration"
"/service-areas/west-virginia/new-river-greenbrier-valley/","New River Greenbrier Valley, West Virginia Workforce Camp Laundry Temporary Facilities Long-Term Rental","West Virginia New River Greenbrier Valley Commercial Mobile Kitchen Trailers for Rent","commercial kitchen trailers","commercial/institutional temporary cooking rental","false","existing reviewed commercial kitchen references","local final pricing; delivery deadline; GPS availability; installation duration"
"/service-areas/west-virginia/southern-coalfields/","Southern Coalfields, West Virginia Construction Project Kitchen Emergency Trailer Rental","West Virginia Southern Coalfields Emergency Commercial Kitchen Trailer Rentals","commercial kitchen trailers","commercial/institutional temporary cooking rental","false","existing reviewed commercial kitchen references","local final pricing; delivery deadline; GPS availability; installation duration"
"/service-areas/wisconsin/northwoods/","Northwoods, Wisconsin Emergency Basecamp Shower Trailer Rental","Wisconsin Northwoods Temporary Kitchen Trailer Rentals for Planned and Emergency Projects","commercial kitchen trailers","commercial/institutional temporary cooking rental","false","existing reviewed commercial kitchen references","local final pricing; delivery deadline; GPS availability; installation duration"
"/service-areas/wisconsin/lake-superior-region/","Lake Superior region, Wisconsin Institutional Facility Shower and Restroom Combination Trailer For Rent","Wisconsin Lake Superior region Emergency Commercial Kitchen Trailer Rentals","commercial kitchen trailers","commercial/institutional temporary cooking rental","false","existing reviewed commercial kitchen references","local final pricing; delivery deadline; GPS availability; installation duration"
"/service-areas/wisconsin/central-wisconsin/","Central Wisconsin Accessible Commercial Site ADA Shower and Restroom Combination Trailer Leasing","Wisconsin Central Wisconsin Mobile Kitchen Trailer Rentals for Temporary Food Service","commercial kitchen trailers","commercial/institutional temporary cooking rental","false","existing reviewed commercial kitchen references","local final pricing; delivery deadline; GPS availability; installation duration"
"/service-areas/wisconsin/fox-valley/","Fox Valley, Wisconsin Workforce Camp Laundry Temporary Facilities Long-Term Rental","Wisconsin Fox Valley Temporary Kitchen Trailer Rentals for Planned and Emergency Projects","commercial kitchen trailers","commercial/institutional temporary cooking rental","false","existing reviewed commercial kitchen references","local final pricing; delivery deadline; GPS availability; installation duration"
"/service-areas/wisconsin/madison-area/","Madison area, Wisconsin Construction Project Kitchen Emergency Trailer Rental","Wisconsin Madison area Emergency Commercial Kitchen Trailer Rentals","commercial kitchen trailers","commercial/institutional temporary cooking rental","false","existing reviewed commercial kitchen references","local final pricing; delivery deadline; GPS availability; installation duration"
"/service-areas/wisconsin/milwaukee-and-southeast/","Milwaukee and Southeast, Wisconsin Commercial Food Service Commercial Kitchen Modular Building For Rent","Wisconsin Milwaukee and Southeast Commercial Mobile Kitchen Trailers for Rent","commercial kitchen trailers","commercial/institutional temporary cooking rental","false","existing reviewed commercial kitchen references","local final pricing; delivery deadline; GPS availability; installation duration"
"/service-areas/wisconsin/driftless-area/","Driftless Area, Wisconsin Workforce Housing Sleeper Bunk-Bed Facility Leasing","Wisconsin Driftless Area Commercial Mobile Kitchen Trailers for Rent","commercial kitchen trailers","commercial/institutional temporary cooking rental","false","existing reviewed commercial kitchen references","local final pricing; delivery deadline; GPS availability; installation duration"
"/service-areas/wyoming/northwest-wyoming/","Northwest Wyoming Workforce Camp Laundry Temporary Facilities Long-Term Rental","Wyoming Northwest Wyoming Emergency Commercial Kitchen Trailer Rentals","commercial kitchen trailers","commercial/institutional temporary cooking rental","false","existing reviewed commercial kitchen references","local final pricing; delivery deadline; GPS availability; installation duration"
"/service-areas/wyoming/northeast-wyoming/","Northeast Wyoming Construction Project Kitchen Emergency Trailer Rental","Wyoming Northeast Wyoming Temporary Kitchen Trailer Rentals for Planned and Emergency Projects","commercial kitchen trailers","commercial/institutional temporary cooking rental","false","existing reviewed commercial kitchen references","local final pricing; delivery deadline; GPS availability; installation duration"
"/service-areas/wyoming/central-wyoming/","Central Wyoming Commercial Food Service Commercial Kitchen Modular Building For Rent","Wyoming Central Wyoming Short-Term and Long-Term Mobile Kitchen Trailer Rentals","commercial kitchen trailers","commercial/institutional temporary cooking rental","false","existing reviewed commercial kitchen references","local final pricing; delivery deadline; GPS availability; installation duration"
"/service-areas/wyoming/southwest-wyoming/","Southwest Wyoming Workforce Housing Sleeper Bunk-Bed Facility Leasing","Wyoming Southwest Wyoming Temporary Kitchen Trailer Rentals for Planned and Emergency Projects","commercial kitchen trailers","commercial/institutional temporary cooking rental","false","existing reviewed commercial kitchen references","local final pricing; delivery deadline; GPS availability; installation duration"
"/service-areas/wyoming/southeast-wyoming/","Southeast Wyoming Remote Operations Man Camp Temporary Facilities Rental","Wyoming Southeast Wyoming Mobile Kitchen Trailer Rentals for Temporary Food Service","commercial kitchen trailers","commercial/institutional temporary cooking rental","false","existing reviewed commercial kitchen references","local final pricing; delivery deadline; GPS availability; installation duration"
"/service-areas/washington/olympic-peninsula/port-angeles/","Port Angeles, Washington Industrial Basecamp Commercial Kitchen Trailer Rental","Washington Port Angeles Mobile Kitchen Trailer Rentals for Temporary Food Service","commercial kitchen trailers","commercial/institutional temporary cooking rental","false","existing reviewed commercial kitchen references","local final pricing; delivery deadline; GPS availability; installation duration"
"/service-areas/washington/olympic-peninsula/sequim/","Sequim, Washington Remote Operations Man Camp Temporary Facilities Rental","Washington Sequim Temporary Kitchen Trailer Rentals for Planned and Emergency Projects","commercial kitchen trailers","commercial/institutional temporary cooking rental","false","existing reviewed commercial kitchen references","local final pricing; delivery deadline; GPS availability; installation duration"
"/service-areas/washington/puget-sound/olympia/","Olympia, Washington Institutional Facility Shower and Restroom Combination Trailer For Rent","Washington Olympia Mobile Kitchen Trailer Rentals for Temporary Food Service","commercial kitchen trailers","commercial/institutional temporary cooking rental","false","existing reviewed commercial kitchen references","local final pricing; delivery deadline; GPS availability; installation duration"
"/service-areas/washington/puget-sound/seattle/","Seattle, Washington Construction Project Kitchen Emergency Trailer Rental","Washington Seattle Commercial Mobile Kitchen Trailers for Rent","commercial kitchen trailers","commercial/institutional temporary cooking rental","false","existing reviewed commercial kitchen references","local final pricing; delivery deadline; GPS availability; installation duration"
"/service-areas/washington/puget-sound/tacoma/","Tacoma, Washington Workforce Housing Sleeper Bunk-Bed Facility Leasing","Washington Tacoma Commercial Mobile Kitchen Trailers for Rent","commercial kitchen trailers","commercial/institutional temporary cooking rental","false","existing reviewed commercial kitchen references","local final pricing; delivery deadline; GPS availability; installation duration"
"/service-areas/alabama/","Alabama Mobile Kitchen and Dishwashing Trailer Rentals with Refrigerated Cold Storage","Alabama Mobile Kitchen Trailer Rentals for Temporary Food Service","commercial kitchen trailers","commercial/institutional temporary cooking rental","true","existing reviewed commercial kitchen references","local final pricing; delivery deadline; GPS availability; installation duration"
"/service-areas/alaska/","Alaska Mobile Kitchen Rental Services with Coolers, Freezers and Refrigerated Containers","Alaska Short-Term and Long-Term Mobile Kitchen Trailer Rentals","commercial kitchen trailers","commercial/institutional temporary cooking rental","true","existing reviewed commercial kitchen references","local final pricing; delivery deadline; GPS availability; installation duration"
"/service-areas/arizona/","Arizona Mobile Kitchen Rental Services with Coolers, Freezers and Refrigerated Containers","Arizona Short-Term and Long-Term Mobile Kitchen Trailer Rentals","commercial kitchen trailers","commercial/institutional temporary cooking rental","true","existing reviewed commercial kitchen references","local final pricing; delivery deadline; GPS availability; installation duration"
"/service-areas/arkansas/","Arkansas Emergency Mobile Kitchen Rentals, Dishwashing Trailers, Walk-In Coolers and Freezers","Arkansas Emergency Commercial Kitchen Trailer Rentals","commercial kitchen trailers","commercial/institutional temporary cooking rental","true","existing reviewed commercial kitchen references","local final pricing; delivery deadline; GPS availability; installation duration"
"/service-areas/california/","California Mobile Kitchen and Dishwashing Trailer Rentals with Refrigerated Cold Storage","California Mobile Kitchen Trailer Rentals for Temporary Food Service","commercial kitchen trailers","commercial/institutional temporary cooking rental","true","existing reviewed commercial kitchen references","local final pricing; delivery deadline; GPS availability; installation duration"
"/service-areas/colorado/","Colorado Mobile Kitchen Rental Services with Coolers, Freezers and Refrigerated Containers","Colorado Short-Term and Long-Term Mobile Kitchen Trailer Rentals","commercial kitchen trailers","commercial/institutional temporary cooking rental","false","existing reviewed commercial kitchen references","local final pricing; delivery deadline; GPS availability; installation duration"
"/service-areas/connecticut/","Connecticut Mobile Kitchen and Dishwashing Trailer Rentals with Refrigerated Cold Storage","Connecticut Mobile Kitchen Trailer Rentals for Temporary Food Service","commercial kitchen trailers","commercial/institutional temporary cooking rental","false","existing reviewed commercial kitchen references","local final pricing; delivery deadline; GPS availability; installation duration"
"/service-areas/delaware/","Delaware Emergency Mobile Kitchen Rentals, Dishwashing Trailers, Walk-In Coolers and Freezers","Delaware Emergency Commercial Kitchen Trailer Rentals","commercial kitchen trailers","commercial/institutional temporary cooking rental","false","existing reviewed commercial kitchen references","local final pricing; delivery deadline; GPS availability; installation duration"
"/service-areas/florida/","Florida Emergency Mobile Kitchen Rentals, Dishwashing Trailers, Walk-In Coolers and Freezers","Florida Emergency Commercial Kitchen Trailer Rentals","commercial kitchen trailers","commercial/institutional temporary cooking rental","false","existing reviewed commercial kitchen references","local final pricing; delivery deadline; GPS availability; installation duration"
"/service-areas/georgia/","Georgia Commercial Mobile Kitchen Rentals, Walk-In Freezers, Coolers and Dishwashing Trailers","Georgia Commercial Mobile Kitchen Trailers for Rent","commercial kitchen trailers","commercial/institutional temporary cooking rental","false","existing reviewed commercial kitchen references","local final pricing; delivery deadline; GPS availability; installation duration"
"/service-areas/hawaii/","Hawaii Emergency Mobile Kitchen Rentals, Dishwashing Trailers, Walk-In Coolers and Freezers","Hawaii Emergency Commercial Kitchen Trailer Rentals","commercial kitchen trailers","commercial/institutional temporary cooking rental","false","existing reviewed commercial kitchen references","local final pricing; delivery deadline; GPS availability; installation duration"
"/service-areas/idaho/","Idaho Emergency Mobile Kitchen Rentals, Dishwashing Trailers, Walk-In Coolers and Freezers","Idaho Emergency Commercial Kitchen Trailer Rentals","commercial kitchen trailers","commercial/institutional temporary cooking rental","false","existing reviewed commercial kitchen references","local final pricing; delivery deadline; GPS availability; installation duration"
"/service-areas/illinois/","Illinois Emergency Mobile Kitchen Rentals, Dishwashing Trailers, Walk-In Coolers and Freezers","Illinois Emergency Commercial Kitchen Trailer Rentals","commercial kitchen trailers","commercial/institutional temporary cooking rental","false","existing reviewed commercial kitchen references","local final pricing; delivery deadline; GPS availability; installation duration"
"/service-areas/indiana/","Indiana Commercial Mobile Kitchen Rentals, Walk-In Freezers, Coolers and Dishwashing Trailers","Indiana Commercial Mobile Kitchen Trailers for Rent","commercial kitchen trailers","commercial/institutional temporary cooking rental","false","existing reviewed commercial kitchen references","local final pricing; delivery deadline; GPS availability; installation duration"
"/service-areas/iowa/","Iowa Emergency Mobile Kitchen Rentals, Dishwashing Trailers, Walk-In Coolers and Freezers","Iowa Emergency Commercial Kitchen Trailer Rentals","commercial kitchen trailers","commercial/institutional temporary cooking rental","false","existing reviewed commercial kitchen references","local final pricing; delivery deadline; GPS availability; installation duration"
"/service-areas/kansas/","Kansas Mobile Kitchen Rental Services with Coolers, Freezers and Refrigerated Containers","Kansas Short-Term and Long-Term Mobile Kitchen Trailer Rentals","commercial kitchen trailers","commercial/institutional temporary cooking rental","false","existing reviewed commercial kitchen references","local final pricing; delivery deadline; GPS availability; installation duration"
"/service-areas/kentucky/","Kentucky Mobile Kitchen and Dishwashing Trailer Rentals with Refrigerated Cold Storage","Kentucky Mobile Kitchen Trailer Rentals for Temporary Food Service","commercial kitchen trailers","commercial/institutional temporary cooking rental","false","existing reviewed commercial kitchen references","local final pricing; delivery deadline; GPS availability; installation duration"
"/service-areas/louisiana/","Louisiana Temporary Mobile Kitchens, Refrigeration Trailers and Commercial Dishwashing Rentals","Louisiana Temporary Kitchen Trailer Rentals for Planned and Emergency Projects","commercial kitchen trailers","commercial/institutional temporary cooking rental","false","existing reviewed commercial kitchen references","local final pricing; delivery deadline; GPS availability; installation duration"
"/service-areas/maine/","Maine Emergency Mobile Kitchen Rentals, Dishwashing Trailers, Walk-In Coolers and Freezers","Maine Emergency Commercial Kitchen Trailer Rentals","commercial kitchen trailers","commercial/institutional temporary cooking rental","false","existing reviewed commercial kitchen references","local final pricing; delivery deadline; GPS availability; installation duration"
"/service-areas/maryland/","Maryland Mobile Kitchen Rental Services with Coolers, Freezers and Refrigerated Containers","Maryland Short-Term and Long-Term Mobile Kitchen Trailer Rentals","commercial kitchen trailers","commercial/institutional temporary cooking rental","false","existing reviewed commercial kitchen references","local final pricing; delivery deadline; GPS availability; installation duration"
"/service-areas/massachusetts/","Massachusetts Mobile Kitchen Rental Services with Coolers, Freezers and Refrigerated Containers","Massachusetts Short-Term and Long-Term Mobile Kitchen Trailer Rentals","commercial kitchen trailers","commercial/institutional temporary cooking rental","false","existing reviewed commercial kitchen references","local final pricing; delivery deadline; GPS availability; installation duration"
"/service-areas/michigan/","Michigan Emergency Mobile Kitchen Rentals, Dishwashing Trailers, Walk-In Coolers and Freezers","Michigan Emergency Commercial Kitchen Trailer Rentals","commercial kitchen trailers","commercial/institutional temporary cooking rental","false","existing reviewed commercial kitchen references","local final pricing; delivery deadline; GPS availability; installation duration"
"/service-areas/minnesota/","Minnesota Commercial Mobile Kitchen Rentals, Walk-In Freezers, Coolers and Dishwashing Trailers","Minnesota Commercial Mobile Kitchen Trailers for Rent","commercial kitchen trailers","commercial/institutional temporary cooking rental","false","existing reviewed commercial kitchen references","local final pricing; delivery deadline; GPS availability; installation duration"
"/service-areas/mississippi/","Mississippi Mobile Kitchen and Dishwashing Trailer Rentals with Refrigerated Cold Storage","Mississippi Mobile Kitchen Trailer Rentals for Temporary Food Service","commercial kitchen trailers","commercial/institutional temporary cooking rental","false","existing reviewed commercial kitchen references","local final pricing; delivery deadline; GPS availability; installation duration"
"/service-areas/missouri/","Missouri Mobile Kitchen Rental Services with Coolers, Freezers and Refrigerated Containers","Missouri Short-Term and Long-Term Mobile Kitchen Trailer Rentals","commercial kitchen trailers","commercial/institutional temporary cooking rental","false","existing reviewed commercial kitchen references","local final pricing; delivery deadline; GPS availability; installation duration"
"/service-areas/montana/","Montana Temporary Mobile Kitchens, Refrigeration Trailers and Commercial Dishwashing Rentals","Montana Temporary Kitchen Trailer Rentals for Planned and Emergency Projects","commercial kitchen trailers","commercial/institutional temporary cooking rental","false","existing reviewed commercial kitchen references","local final pricing; delivery deadline; GPS availability; installation duration"
"/service-areas/nebraska/","Nebraska Commercial Mobile Kitchen Rentals, Walk-In Freezers, Coolers and Dishwashing Trailers","Nebraska Commercial Mobile Kitchen Trailers for Rent","commercial kitchen trailers","commercial/institutional temporary cooking rental","false","existing reviewed commercial kitchen references","local final pricing; delivery deadline; GPS availability; installation duration"
"/service-areas/nevada/","Nevada Mobile Kitchen and Dishwashing Trailer Rentals with Refrigerated Cold Storage","Nevada Mobile Kitchen Trailer Rentals for Temporary Food Service","commercial kitchen trailers","commercial/institutional temporary cooking rental","false","existing reviewed commercial kitchen references","local final pricing; delivery deadline; GPS availability; installation duration"
"/service-areas/new-hampshire/","New Hampshire Mobile Kitchen Rental Services with Coolers, Freezers and Refrigerated Containers","New Hampshire Short-Term and Long-Term Mobile Kitchen Trailer Rentals","commercial kitchen trailers","commercial/institutional temporary cooking rental","false","existing reviewed commercial kitchen references","local final pricing; delivery deadline; GPS availability; installation duration"
"/service-areas/new-jersey/","New Jersey Mobile Kitchen and Dishwashing Trailer Rentals with Refrigerated Cold Storage","New Jersey Mobile Kitchen Trailer Rentals for Temporary Food Service","commercial kitchen trailers","commercial/institutional temporary cooking rental","false","existing reviewed commercial kitchen references","local final pricing; delivery deadline; GPS availability; installation duration"
"/service-areas/new-mexico/","New Mexico Temporary Mobile Kitchens, Refrigeration Trailers and Commercial Dishwashing Rentals","New Mexico Temporary Kitchen Trailer Rentals for Planned and Emergency Projects","commercial kitchen trailers","commercial/institutional temporary cooking rental","false","existing reviewed commercial kitchen references","local final pricing; delivery deadline; GPS availability; installation duration"
"/service-areas/new-york/","New York Mobile Kitchen and Dishwashing Trailer Rentals with Refrigerated Cold Storage","New York Mobile Kitchen Trailer Rentals for Temporary Food Service","commercial kitchen trailers","commercial/institutional temporary cooking rental","false","existing reviewed commercial kitchen references","local final pricing; delivery deadline; GPS availability; installation duration"
"/service-areas/north-carolina/","North Carolina Mobile Kitchen Rental Services with Coolers, Freezers and Refrigerated Containers","North Carolina Short-Term and Long-Term Mobile Kitchen Trailer Rentals","commercial kitchen trailers","commercial/institutional temporary cooking rental","false","existing reviewed commercial kitchen references","local final pricing; delivery deadline; GPS availability; installation duration"
"/service-areas/north-dakota/","North Dakota Mobile Kitchen and Dishwashing Trailer Rentals with Refrigerated Cold Storage","North Dakota Mobile Kitchen Trailer Rentals for Temporary Food Service","commercial kitchen trailers","commercial/institutional temporary cooking rental","false","existing reviewed commercial kitchen references","local final pricing; delivery deadline; GPS availability; installation duration"
"/service-areas/ohio/","Ohio Mobile Kitchen Rental Services with Coolers, Freezers and Refrigerated Containers","Ohio Short-Term and Long-Term Mobile Kitchen Trailer Rentals","commercial kitchen trailers","commercial/institutional temporary cooking rental","false","existing reviewed commercial kitchen references","local final pricing; delivery deadline; GPS availability; installation duration"
"/service-areas/oklahoma/","Oklahoma Commercial Mobile Kitchen Rentals, Walk-In Freezers, Coolers and Dishwashing Trailers","Oklahoma Commercial Mobile Kitchen Trailers for Rent","commercial kitchen trailers","commercial/institutional temporary cooking rental","false","existing reviewed commercial kitchen references","local final pricing; delivery deadline; GPS availability; installation duration"
"/service-areas/oregon/","Oregon Temporary Mobile Kitchens, Refrigeration Trailers and Commercial Dishwashing Rentals","Oregon Temporary Kitchen Trailer Rentals for Planned and Emergency Projects","commercial kitchen trailers","commercial/institutional temporary cooking rental","false","existing reviewed commercial kitchen references","local final pricing; delivery deadline; GPS availability; installation duration"
"/service-areas/pennsylvania/","Pennsylvania Commercial Mobile Kitchen Rentals, Walk-In Freezers, Coolers and Dishwashing Trailers","Pennsylvania Commercial Mobile Kitchen Trailers for Rent","commercial kitchen trailers","commercial/institutional temporary cooking rental","false","existing reviewed commercial kitchen references","local final pricing; delivery deadline; GPS availability; installation duration"
"/service-areas/rhode-island/","Rhode Island Temporary Mobile Kitchens, Refrigeration Trailers and Commercial Dishwashing Rentals","Rhode Island Temporary Kitchen Trailer Rentals for Planned and Emergency Projects","commercial kitchen trailers","commercial/institutional temporary cooking rental","false","existing reviewed commercial kitchen references","local final pricing; delivery deadline; GPS availability; installation duration"
"/service-areas/south-carolina/","South Carolina Commercial Mobile Kitchen Rentals, Walk-In Freezers, Coolers and Dishwashing Trailers","South Carolina Commercial Mobile Kitchen Trailers for Rent","commercial kitchen trailers","commercial/institutional temporary cooking rental","false","existing reviewed commercial kitchen references","local final pricing; delivery deadline; GPS availability; installation duration"
"/service-areas/south-dakota/","South Dakota Mobile Kitchen Rental Services with Coolers, Freezers and Refrigerated Containers","South Dakota Short-Term and Long-Term Mobile Kitchen Trailer Rentals","commercial kitchen trailers","commercial/institutional temporary cooking rental","false","existing reviewed commercial kitchen references","local final pricing; delivery deadline; GPS availability; installation duration"
"/service-areas/tennessee/","Tennessee Temporary Mobile Kitchens, Refrigeration Trailers and Commercial Dishwashing Rentals","Tennessee Temporary Kitchen Trailer Rentals for Planned and Emergency Projects","commercial kitchen trailers","commercial/institutional temporary cooking rental","false","existing reviewed commercial kitchen references","local final pricing; delivery deadline; GPS availability; installation duration"
"/service-areas/texas/","Texas Commercial Mobile Kitchen Rentals, Walk-In Freezers, Coolers and Dishwashing Trailers","Texas Commercial Mobile Kitchen Trailers for Rent","commercial kitchen trailers","commercial/institutional temporary cooking rental","false","existing reviewed commercial kitchen references","local final pricing; delivery deadline; GPS availability; installation duration"
"/service-areas/utah/","Utah Commercial Mobile Kitchen Rentals, Walk-In Freezers, Coolers and Dishwashing Trailers","Utah Commercial Mobile Kitchen Trailers for Rent","commercial kitchen trailers","commercial/institutional temporary cooking rental","false","existing reviewed commercial kitchen references","local final pricing; delivery deadline; GPS availability; installation duration"
"/service-areas/vermont/","Vermont Commercial Mobile Kitchen Rentals, Walk-In Freezers, Coolers and Dishwashing Trailers","Vermont Commercial Mobile Kitchen Trailers for Rent","commercial kitchen trailers","commercial/institutional temporary cooking rental","false","existing reviewed commercial kitchen references","local final pricing; delivery deadline; GPS availability; installation duration"
"/service-areas/virginia/","Virginia Emergency Mobile Kitchen Rentals, Dishwashing Trailers, Walk-In Coolers and Freezers","Virginia Emergency Commercial Kitchen Trailer Rentals","commercial kitchen trailers","commercial/institutional temporary cooking rental","false","existing reviewed commercial kitchen references","local final pricing; delivery deadline; GPS availability; installation duration"
"/service-areas/washington/","Washington Temporary Mobile Kitchens, Refrigeration Trailers and Commercial Dishwashing Rentals","Washington Temporary Kitchen Trailer Rentals for Planned and Emergency Projects","commercial kitchen trailers","commercial/institutional temporary cooking rental","false","existing reviewed commercial kitchen references","local final pricing; delivery deadline; GPS availability; installation duration"
"/service-areas/west-virginia/","West Virginia Mobile Kitchen and Dishwashing Trailer Rentals with Refrigerated Cold Storage","West Virginia Mobile Kitchen Trailer Rentals for Temporary Food Service","commercial kitchen trailers","commercial/institutional temporary cooking rental","false","existing reviewed commercial kitchen references","local final pricing; delivery deadline; GPS availability; installation duration"
"/service-areas/wisconsin/","Wisconsin Commercial Mobile Kitchen Rentals, Walk-In Freezers, Coolers and Dishwashing Trailers","Wisconsin Commercial Mobile Kitchen Trailers for Rent","commercial kitchen trailers","commercial/institutional temporary cooking rental","false","existing reviewed commercial kitchen references","local final pricing; delivery deadline; GPS availability; installation duration"
"/service-areas/wyoming/","Wyoming Mobile Kitchen and Dishwashing Trailer Rentals with Refrigerated Cold Storage","Wyoming Mobile Kitchen Trailer Rentals for Temporary Food Service","commercial kitchen trailers","commercial/institutional temporary cooking rental","false","existing reviewed commercial kitchen references","local final pricing; delivery deadline; GPS availability; installation duration"
